a,c,e,L_gain,K_poisson,sigma_A
0.021931846315878273,0.01234193419845645,1.9836185285006425e-07,45.5957964321507,81.02457717892108,0.00044537832552793167
0.02445432101916658,0.010456945159773558,1.173920874794124e-06,40.89256860643276,95.63022323640595,0.001083476291754519
0.0290907762985566,0.008580336804218823,2.1747323650880246e-07,34.37515691355466,116.54554160488374,0.0004663402582973107
0.02689305898364163,0.009228599079265477,3.665205956842848e-06,37.18431587155165,108.35880846170555,0.001914472762105235
0.025016040194743794,0.010731671020669804,1.6562042013480634e-06,39.97435214427395,93.18213333915506,0.001286935974067111
0.02254823200268324,0.011568906128707116,1.612323435570482e-07,44.349375147506024,86.43859573884839,0.00040153747466089413
0.023844787823441498,0.010736821058554087,7.426070029054156e-07,41.93788627537768,93.13743747301201,0.0008617464841270985
0.02535646331526302,0.009952730411355883,1.9932121092801244e-06,39.437676602085986,100.47494091259804,0.0014118116408643627
0.030880451182190512,0.007050516301108356,9.932977419221034e-05,32.382946547643826,141.8335845621402,0.009966432370322409
0.02825131512537297,0.008630221353840123,5.571698442161316e-06,35.39658226748827,115.87188311862218,0.0023604445433352836
0.024503207438532577,0.010799555741162687,1.2829057529385385e-06,40.81098372564269,92.59640155274937,0.0011326542954222787
0.019760939586041235,0.012441380542708593,9.599791056673244e-09,50.60488119230837,80.3769321714109,9.797852344607589e-05
0.022772377719128732,0.011327411447025692,2.7721782071027474e-07,43.91284969597193,88.28142287199925,0.0005265147867916671
0.02336684159903526,0.0111527967347907,4.1851563367739316e-07,42.79568532023115,89.6636084902848,0.000646927842713075
0.026696352843456946,0.009574275163524161,2.667715367378297e-06,37.458300235385586,104.44654899932013,0.0016333142279972635
0.025134342569671737,0.010666707638304396,2.007119509515805e-06,39.786200781978934,93.74963989909844,0.001416728452991541
0.02450224790489392,0.009758996873305947,9.011904647115586e-07,40.81258192642262,102.46954814949552,0.0009493105206999228
0.02913863771343695,0.007600613157793283,4.523723906634707e-06,34.318694299797734,131.56833261204076,0.0021269047714071983
0.023800623315059888,0.011436432902293068,1.2857163973459548e-06,42.01570634359177,87.43985196638495,0.0011338943501693422
0.02950310981536932,0.007575344782909082,7.110536037668271e-06,33.89473198784831,132.0071928945233,0.0026665588382160763
0.02471985492962516,0.011227722449187254,1.3995198853274807e-06,40.45331183564367,89.0652582948724,0.0011830130537434829
0.02388696433106618,0.010584462401944203,4.859614084967821e-07,41.86383778785362,94.47810970695265,0.0006971093232031703
0.027012103352411578,0.009829484188170149,5.064311582542818e-06,37.02044179801801,101.73473814663711,0.0022504025378902366
0.026289123988468565,0.009321448074275098,2.139427091692376e-06,38.03854401685803,107.2794690301128,0.00146267805469706
0.030082368131993303,0.007366472522736754,4.409656972522246e-06,33.24206377677017,135.7501839467237,0.002099918325202732
0.02963133437804464,0.007739803409915067,6.3687268637364336e-06,33.74805829672493,129.2022480466301,0.002523633662744344
0.029947056869816753,0.006770925900528446,0.00011685009220812091,33.39226303095871,147.69028855004214,0.01080972211521281
0.025477675624730696,0.010135910977304253,2.1962589317349034e-06,39.25004834543537,98.65911433507479,0.0014819780469814334
0.023362495720008612,0.01144831827067373,3.677225862481623e-07,42.80364615085016,87.34907401741464,0.0006064013409023452
0.025700680469821213,0.009923401518338955,2.144077284286716e-06,38.90947561385547,100.7718974337528,0.001464266807752848
0.027734383853650655,0.008698503939917933,4.0658357698338495e-06,36.05632651789994,114.96229775915174,0.0020163917699281184
0.024983266112658414,0.010146207274678994,1.3327013451254558e-06,40.026792153221486,98.5589957831448,0.0011544268470221298
0.02311902678528664,0.01163864389588575,4.0408483493224945e-07,43.25441590977427,85.92066300383149,0.0006356766748373339
0.02530144071415965,0.01051095024492229,2.091726990050398e-06,39.52344102841393,95.13887676169789,0.001446280398142213
0.026967733963789466,0.009012581779579653,3.5538433996524696e-06,37.081350674207016,110.95599734426376,0.0018851640246016976
0.024595422884872556,0.01001930723198639,8.344067708305596e-07,40.657971390890424,99.80729973101582,0.0009134586858914637
0.024709913977073276,0.0104706923588524,1.316661038709413e-06,40.46958645537313,95.50466824235883,0.0011474585128489017
0.020763702474745717,0.013008149099603754,6.705501282048061e-08,48.16096749682629,76.87488760645135,0.00025894982684002827
0.02516999119836724,0.009657373532687826,1.4194735566837054e-06,39.729851000697586,103.54782246075983,0.001191416617595921
0.020543922909413315,0.012233647786303745,2.252680265439077e-06,48.676195116649104,81.74176807015452,0.0015008931559038693
0.02322204874344478,0.011490923754793323,4.259380234468573e-07,43.06252265025859,87.02520540029343,0.0006526392751335589
0.03058603677575208,0.006971750943047224,0.00012376945220575095,32.69465760901646,143.4359902080665,0.011125172007917494
0.024004086098513542,0.010939917930412525,9.994862692247106e-07,41.659573953199796,91.40836397136407,0.0009997431016139648
0.029562820677169477,0.007758064021985359,1.1951368568333013e-06,33.82627154966547,128.89813710819197,0.0010932231505201952
0.02740679196946221,0.008564881860913537,4.213099633006532e-06,36.48730581507831,116.75584278209055,0.0020525836482361763
0.024493039436762714,0.011018270706058158,2.0097216244296525e-06,40.82792593307365,90.75834372540616,0.0014176465089822824
0.02396762054237896,0.01043003228478506,6.913331052628493e-07,41.72295694651142,95.87698030990397,0.0008314644341538905
0.026638563461014075,0.009641274273503947,2.90849839185206e-06,37.539561825978886,103.72072940069654,0.0017054320249872347
0.027714615880693606,0.009171160366662528,8.1957197046083e-06,36.08204437343886,109.0374565507581,0.0028628167431060444
0.02670805356874608,0.009395698121701046,3.211832235080743e-06,37.441889856406675,106.43168682594442,0.0017921585407214237
0.027135339971262277,0.008855720309554298,3.870433054908714e-06,36.85231145285268,112.92136213031883,0.0019673416213023894
0.03347241967866371,0.004669029351682068,0.00022141112934757792,29.875342434160174,214.1772785471437,0.0148798900986391
0.02736781933490936,0.008200306111237126,4.016111979229353e-06,36.539264884887544,121.94666716522569,0.0020040239467704352
0.02629814660201405,0.009644202983646516,2.4687782569435065e-06,38.025493398208326,103.68923193504743,0.0015712346282282309
0.029198763335636896,0.007768642272397333,5.690001022635591e-06,34.248025798390806,128.72262165463425,0.0023853723027308735
0.02464972469916632,0.010408578642771829,1.3695711876686997e-06,40.56840440225367,96.07459714919324,0.0011702867971863562
0.023927859021206477,0.011120506007783243,1.07961718456325e-06,41.79228902651645,89.92396562711264,0.0010390462860543077
0.024138090912926822,0.011124415186017278,1.397362204385029e-06,41.42829702677372,89.89236587078662,0.0011821007589816652
0.022490319331237643,0.011318817619876884,1.309465984146503e-07,44.46357498406271,88.34845065830092,0.0003618654424156171
0.026813823623393605,0.009047813316369752,4.81419918463701e-06,37.294196234197436,110.52394264045552,0.0021941283427905967
0.023450214761567764,0.01095918231739931,4.0700089845077924e-07,42.64353269970415,91.24768354408643,0.0006379662204621646
0.029926393697701902,0.007397516812621922,8.953747246423857e-07,33.41531926971848,135.18049709515526,0.0009462424238229787
0.023595819095206305,0.01140619004378082,1.0472382285061582e-06,42.38038933783649,87.67169371732905,0.0010233465827891146
0.02403694145694857,0.010455737984601074,6.971366910676515e-07,41.60263075862014,95.64126429648225,0.0008349471187252828
0.026128905123129355,0.00926629317985677,2.1186002614990713e-06,38.27179115571889,107.91801862840013,0.0014555412263137968
0.03243963176510169,0.0058948928458838175,0.00015808831554299844,30.826490486732112,169.63836767588785,0.01257331760288423
0.026336899673196495,0.009874993257929324,2.7751863348707574e-06,37.96954130549074,101.2658919232203,0.0016658890523893713
0.022754576338541374,0.011602443152470603,4.726950377863018e-07,43.9472036359655,86.1887437722168,0.0006875282087204145
0.023481876496400076,0.010620938847806655,3.0615003911614797e-07,42.58603438925788,94.15363503448769,0.0005533082677099159
0.022948355063087424,0.01099797950680419,3.3326545047690547e-07,43.5761080587648,90.92579226769095,0.0005772914779181358
0.02463467693249675,0.011077270974447957,1.4978834798704276e-06,40.59318507566273,90.2749424751556,0.0012238805006496458
0.027747178749609615,0.008122277552458812,4.467810233411752e-06,36.0397000727171,123.1181763417178,0.0021137195257204186
0.02251679070409999,0.011615374297916026,2.7050710618474756e-07,44.41130235393244,86.09279170447526,0.0005201029765197923
0.026752604536751608,0.009327021573990738,3.0469062089888484e-06,37.37953807922671,107.21536259641475,0.0017455389451366727
0.02444428562809892,0.010084509160231868,9.332719676413595e-07,40.909356698503444,99.1619903468864,0.0009660600227943187
0.021088499201525085,0.012161145230420426,3.317412484621186e-08,47.41921131721321,82.22909775787858,0.0001821376535651315
0.027853019171110285,0.009200039582443791,7.629486284589301e-06,35.90275057280757,108.69518451945308,0.0027621524730885695
0.030282582284305363,0.007273802804909581,2.6058787844745714e-06,33.0222829285689,137.47966872638236,0.0016142734540574503
0.02227704514784512,0.011240357802541711,1.1569924370242443e-07,44.889256782636224,88.9651395059574,0.0003401459153105097
0.02514593531936154,0.010495927507629793,1.2288553315207144e-06,39.76785859422907,95.27504827687416,0.001108537474116556
0.025929241657589648,0.009957143314282836,2.3013332393017575e-06,38.56649620554151,100.43041145803024,0.0015170145811104643
0.026382184620150247,0.009292422452698382,2.3317918928299645e-06,37.90436669282565,107.61456499533281,0.001527020593453135
0.02644428493636051,0.009712203315939083,3.262096682374282e-06,37.815354145765326,102.96324813946802,0.0018061275376822872
0.025591433163760155,0.010627029116311684,1.880819441797121e-06,39.075576330601635,94.09967631170558,0.0013714297072023492
0.02425178397321988,0.010528158337344705,8.282118013885813e-07,41.23407997961114,94.98337391572787,0.000910061427261139
0.025469204009957738,0.009375276533719251,1.435409893048142e-06,39.263103770696105,106.66352042026557,0.0011980859289083326
0.02480878192218852,0.010062042383499713,1.1397183586129412e-06,40.3083070799868,99.38340168789735,0.0010675759263925639
0.021441804675158493,0.01251068291087103,1.247236058412797e-07,46.637865382597894,79.93168775231769,0.0003531622939121329
0.02455651802457293,0.01031952452378653,1.3245296975411798e-06,40.722385763296394,96.90368947668058,0.0011508821388574852
0.019759792141930306,0.01261513036672501,3.5418945859397213e-07,50.60781979978416,79.26989027697286,0.0005951381844529656
0.025098422069923788,0.010411037862691399,1.6658508019293545e-06,39.84314221882223,96.05190310406633,0.0012906784270023863
0.02596324856033276,0.010079485246268921,2.58705232758141e-06,38.51598145263774,99.21141561967816,0.0016084316359676
0.025145731896236485,0.010048100218246078,1.335949221361838e-06,39.76818030695969,99.5213003731916,0.0011558326960948275
0.029211204405224463,0.0073501146747396075,4.081110241545243e-06,34.23343954353175,136.05229908000408,0.002020175794713233
0.025114743167441264,0.01037435348374113,1.8345626572606775e-06,39.81724970599736,96.39154879069984,0.0013544602826442264
0.023802867361940115,0.011045845882873573,9.116612796828897e-07,42.01174525716856,90.5317719080696,0.0009548095515247477
0.026561522841100978,0.009276917244076458,3.106410886783162e-06,37.6484438028008,107.79442930123419,0.0017625013153989876
0.026698948252606762,0.008634164631540672,3.216716851572342e-06,37.454658907860335,115.81896369534026,0.0017935207976414274
0.02536610754142332,0.010198393430446612,1.8821675066389847e-06,39.42268234757665,98.05465996384957,0.0013719211007339252
0.02369597565331818,0.011443747956017677,1.1333673561738897e-06,42.20125875509029,87.38395880819374,0.0010645972741717357
0.02528136198395968,0.010315986996294005,2.0609696870726196e-06,39.55483097130891,96.93691940085304,0.0014356077761953714
0.02439368045499081,0.010424610732562418,8.597764879944503e-07,40.99422396899545,95.9268432802378,0.000927241332121498
0.025272064705460423,0.010409812207282087,1.4258746404831346e-06,39.56938270199721,96.06321229315351,0.0011940999290189806
0.026287207761082298,0.010297625191840496,3.102057998481958e-06,38.04131686745675,97.10976864766525,0.0017612660214975926
0.02747450860739272,0.008731040447896653,4.221094803810343e-06,36.39737526482728,114.53388699406433,0.0020545303122150188
0.02785816447791548,0.008885102378446204,5.019760485794076e-06,35.89611945872272,112.54794344585555,0.002240482199392371
0.033598559433075485,0.005287994780167724,0.00024226615407888945,29.763180828984243,189.1075996803995,0.015564901351402437
0.025148125610295925,0.010351995808272877,1.958076013401879e-06,39.764394988968434,96.59972999610784,0.0013993126932183096
0.024849004228888156,0.010124804340523331,1.033443636591237e-06,40.24306128281198,98.76734071764906,0.0010165842988120745
0.026985266653472065,0.009451387692765241,3.0597688071970147e-06,37.057258423323184,105.80456886404845,0.0017492194851410198
0.022473568885226763,0.01144956668897803,1.1946724162384352e-07,44.496715457479496,87.33954979821672,0.00034564033564363336
0.021391530958587958,0.012123927383329272,7.303782542569448e-08,46.74747225600208,82.48152338614524,0.00027025511174757545
0.02822363522083559,0.009044746552292924,5.389555686293033e-06,35.43129693164997,110.56141752766871,0.0023215416615458427
0.025058573528618608,0.009982477778455243,1.7311420990780869e-06,39.90650141588991,100.17552978262145,0.0013157287330897987
0.03145758703689044,0.00649438131356882,0.0001489044840404975,31.788833607208844,153.97925556214003,0.012202642502363885
0.024440866982130716,0.010152030485901754,8.904212021086155e-07,40.91507886079177,98.50246227970966,0.0009436213234707106
0.023569514282165582,0.011216789026659547,9.962892127298946e-07,42.427688073176505,89.15207352329139,0.0009981428819211679
0.022821790365111592,0.011437619631272955,3.5904686334724256e-07,43.817771699837024,87.43077950116309,0.0005992051930242616
0.026853961629102963,0.009256466849224319,3.611280473412402e-06,37.23845344726532,108.03258049628286,0.0019003369368121017
0.024903341686125954,0.010268508587559696,1.005237623905573e-06,40.15525356410766,97.38512574372295,0.001002615391815612
0.027590815430315576,0.00895145838417895,4.556143206831059e-06,36.2439451101269,111.71364006645298,0.0021345124049372633
0.027234999059768304,0.008571276231890388,3.196939868780484e-06,36.717460419420604,116.66874021390053,0.0017879988447368985
0.026314641073959373,0.009452285467402158,2.9514751777675487e-06,38.00165836157222,105.79451958456745,0.0017179857909096772
0.025105547297085952,0.01157807473268569,2.259179362665311e-06,39.83183430205769,86.37014556288294,0.0015030566731382125
0.021673275161285657,0.012129972087280338,2.1820356836465288e-07,46.13977317956407,82.44042053885798,0.0004671226480964639
0.022872610117781137,0.011575218495541616,4.5181735518109905e-07,43.72041471657847,86.391457784159,0.0006721736049422791
0.024845625300382892,0.010764931974782888,1.5136362278286714e-06,40.248534215179895,92.8942237946811,0.0012302992432041368
0.02247705161159285,0.011455884805114745,1.1709972966628827e-07,44.489820875093606,87.29138054474211,0.00034219837764999455
0.0268870318828554,0.008984983163857038,3.5776708586150006e-06,37.19265125123957,111.29681400212263,0.0018914731979636933
0.02493091082883386,0.010406202903046216,9.45356069007753e-07,40.11084901252181,96.09653101298547,0.0009722942296484913
0.024768372562242954,0.010472236913864634,1.5772912489831373e-06,40.37406969258875,95.49058221515767,0.0012559025634909491
0.026215282904061245,0.009539561552215744,2.429514651299272e-06,38.14568790501517,104.82662064984854,0.0015586900433695186
0.027612749917728722,0.008790666957968029,8.146221582309724e-06,36.215154339189944,113.75701124629467,0.002854158647011361
0.028705472565305725,0.008365582816909922,4.3673859753389304e-06,34.83656287925492,119.53739767881228,0.002089829173721845
0.02301199741498259,0.011041216223546358,2.74425713737619e-07,43.455593270183606,90.56973251437759,0.0005238565774499915
0.02708425452865033,0.009197598701655813,3.6163357920580055e-06,36.92182108767947,108.72403030803827,0.001901666582778907
0.025634343058891396,0.009994291832625202,1.9336867752372215e-06,39.01016685711964,100.0571142755324,0.001390570665315942
0.02287044549983728,0.011383020814841464,2.70757843423445e-07,43.7245527205456,87.85014244164213,0.0005203439664524275
0.029551102831959625,0.007872568835732209,6.6727151761544426e-06,33.83968461977319,127.02334153766625,0.002583159920747154
0.02468883822974912,0.010858598300937857,1.3487330014916993e-06,40.50413351548627,92.09291773079312,0.0011613496465284257
0.02561671881217449,0.010395777052918541,2.4242709069510223e-06,39.03700576690346,96.1929055336231,0.00155700703497159
0.027869331312676042,0.008252737307990372,4.130460279246266e-06,35.88173640697154,121.17191698708152,0.0020323533844403795
0.026066481228885427,0.009015459815938731,1.702233726515733e-06,38.36344427232685,110.92057647820322,0.0013046967948591478
0.02530844139394856,0.010030429036144367,1.8557114790760616e-06,39.512508274773005,99.69663275584008,0.0013622450143333472
0.026655822544788123,0.009688891600810002,2.972416709637416e-06,37.51525575021225,103.21098028554668,0.0017240698099663528
0.025382721884007916,0.010152765604238678,2.079826653015671e-06,39.39687810352751,98.49533013768288,0.00144216041167953
0.027482912366071238,0.008713933900425564,4.105114630569423e-06,36.386245630741094,114.75873140960627,0.0020261082474955336
0.02455311233308582,0.010622054313258883,1.6316201203126728e-06,40.72803424812583,94.14374757543455,0.001277348863980656
0.024876018145399373,0.010381997312799679,1.3933383564885437e-06,40.19935964650927,96.32057973730426,0.001180397541715732
0.026939530221069295,0.010160535435869481,3.6637775107950407e-06,37.120172170556415,98.42001007837887,0.0019140996606224663
0.02311278517929226,0.01108897326020295,5.010934851689239e-07,43.26609676171538,90.17967457716622,0.0007078795696789983
0.024948927501093142,0.010253379247432944,1.8389195515890637e-06,40.08188327759519,97.5288220466791,0.0013560676795754199
0.0251132226290947,0.009798215420083528,1.6607955706419215e-06,39.81966053378824,102.05940134264523,0.0012887185769755636
0.02251095342479838,0.011713947005819077,2.644843344360279e-07,44.42281857766122,85.36832200992843,0.0005142804044838068
0.028107538330673743,0.00829087428327951,6.921940901034437e-06,35.5776442687868,120.61454146238043,0.0026309581716618827
0.024703873856670205,0.01001628270558901,8.578529206604284e-07,40.47948130734134,99.8374376396153,0.0009262034985144617
0.02659150421104423,0.008846950425868833,2.597428762263177e-06,37.60599596260037,113.03329982227102,0.0016116540454648377
0.026748214519349143,0.008834852367205466,2.3226411879463272e-06,37.38567294937086,113.18808265681386,0.001524021386971432
0.027327482330102855,0.008981152089332372,4.0636497496889735e-06,36.5931990338693,111.34428969171778,0.0020158496346922737
0.02216288758225197,0.012149923282936953,3.2717058431579594e-07,45.120474319456434,82.30504643633222,0.0005719882728831038
0.022218986765761745,0.01209199483170152,2.8313128913790394e-07,45.006552753384135,82.69934067274865,0.0005321008261015049
0.031203989074996268,0.00594668813611419,5.638904430979743e-05,32.04718465951839,168.1608278609749,0.007509263899331107
0.02612723247116946,0.009751290223472,2.3765255500402465e-06,38.274241296067885,102.55053198939089,0.0015415983750770648
0.02768168549330235,0.008957977252567018,8.078177992915784e-07,36.124967904933115,111.63234420063276,0.000898786848641867
0.02546895171127899,0.010216711568321938,1.7613977707454313e-06,39.263492716001636,97.87885204674001,0.0013271766162592797
0.02416224137462791,0.010885815062375731,7.58532909614571e-07,41.3868889270377,91.86266662349112,0.0008709379481998536
0.027208303473714807,0.009121044013268405,3.95937667249271e-06,36.75348597041607,109.63657214517302,0.001989818251120617
0.026285322996443164,0.009782429828314098,2.697512277954931e-06,38.044044584702895,102.22409130966797,0.0016424105083550004
0.027620776935509024,0.008216375862579027,1.4338303831221332e-06,36.204629664649616,121.70816144797341,0.0011974265669017592
0.027412867493853736,0.009018330882215058,4.143002819420198e-06,36.47921911942306,110.88526392085348,0.002035436763797932
0.02172602147547974,0.011683462769412976,5.689100367490221e-08,46.02775529466417,85.59106317503539,0.00023851835081373132
0.025949487011675345,0.009950537008377332,2.525830963547043e-06,38.53640727271696,100.4970886654763,0.0015892863063485582
0.027864056290580374,0.008909128813340671,5.030842011268311e-06,35.88852927841868,112.24442040871428,0.002242953858479552
0.03365644143935333,0.005308425997727976,0.0003531541532550525,29.711994412776335,188.3797570933462,0.01879239615522865
0.02585116395743036,0.009603041471876121,2.0260492279305603e-06,38.682977743157736,104.13367503708517,0.0014233935604500115
0.024021683695035684,0.011165615442739226,1.352410934159913e-06,41.62905534413726,89.56066999873973,0.0011629320419353458
0.027766278515482305,0.008875084117771097,4.2343153175800505e-06,36.01490921595439,112.67498839787241,0.002057745202297906
0.024458918602325432,0.010107281805697069,7.624652017501317e-07,40.88488196305314,98.93856916469274,0.0008731925341813979
0.02466968114737572,0.009962341644394093,9.58859565684157e-07,40.53558674009764,100.37800706851985,0.0009792137487209607
0.020860750121783154,0.012751096946560462,3.023164230880063e-08,47.93691473998257,78.42462528447362,0.00017387248864843638
0.02692734415781831,0.009362617609541867,2.8050302764629005e-06,37.136971033574866,106.80773707780769,0.0016748224611769752
0.027851670063299593,0.00942432934514505,5.146521014350391e-06,35.904489667128054,106.10834610901524,0.002268594501966006
0.02435263960912176,0.011181146702503716,1.258552573902278e-06,41.06331042756574,89.43626504570206,0.0011218522959384083
0.028945985875442296,0.00814296224806735,6.624926075374754e-06,34.547104538194276,122.80543241341195,0.0025738931748180136
0.023839130382460164,0.010681024866823702,9.161450424140019e-07,41.94783886646126,93.62397452196716,0.0009571546596104528
0.025554662277861146,0.010266125434092983,1.7720526591786764e-06,39.1318026091205,97.4077324906902,0.001331184682596174
0.023970578136168697,0.0109900343018656,1.0177454086247452e-06,41.71780898730687,90.99152673529383,0.0010088336872967443
0.02215896671572089,0.011666851193398,9.965988581834663e-08,45.12845805623871,85.71293002913046,0.0003156895402422238
0.024213290552377486,0.009868106519851315,4.118536595982746e-07,41.29963244098645,101.33656319865781,0.0006417582563538038
0.027560775539398487,0.00861532468118437,4.326187247073375e-06,36.283449229158556,116.07223604514549,0.002079948856840806
0.02348434518147964,0.011401062203576078,7.206668720529131e-07,42.58155772589417,87.71112569549337,0.0008489210046010837
0.03212771682934351,0.006066597279702622,0.00012184574681290989,31.125772345162748,164.83705014436345,0.011038376094920388
0.029187438787838263,0.008339650278701944,6.446097392085396e-06,34.26131382300927,119.90910488822665,0.0025389165784021725
0.023286061566525754,0.011242119140882646,6.131177637894824e-07,42.944144811397514,88.95120105634173,0.0007830183674662315
0.026808065747665314,0.009331420050352937,2.5647570841945687e-06,37.30220633643026,107.16482535390502,0.0016014858988434987
0.02623529312524662,0.009102207372323421,1.951229323593293e-06,38.11659337008455,109.86346048768837,0.0013968641034808264
0.024353283554929366,0.010512494106380324,1.1259619163560471e-06,41.062224637777405,95.12490469726612,0.0010611135266106295
0.024700521001231608,0.010083687416601334,1.18438363224783e-06,40.48497600314335,99.17007129293243,0.0010882939089454787
0.032497878660100864,0.006117291382829059,8.932906340771313e-05,30.771239269464868,163.4710425609203,0.009451405366807263
0.025611479434042097,0.010180743034321565,1.8537276082211551e-06,39.04499162476443,98.22465773163864,0.0013615166573425223
