file,spearman_r,spearman_p
000015.npy,0.12185663405021535,3.2597202537905256e-215
000030.npy,0.12654082282562776,4.7811089643399086e-232
000088.npy,0.2125331688151793,0.0
000093.npy,0.2756845733482901,0.0
000167.npy,0.11568607041147613,4.932626522040266e-194
000194.npy,0.09615877364873499,2.066250822170731e-134
000215.npy,0.1178038565272754,3.55829374629736e-201
000295.npy,0.19460636277182838,0.0
000318.npy,0.12389739862755059,1.8179471620510495e-222
000319.npy,0.14093159167345792,7.196166849909975e-288
000347.npy,0.134804968929774,2.4128220818661075e-263
000366.npy,0.07567518527528856,7.672301028846913e-84
000371.npy,0.1282401524493887,2.5757372093646027e-238
000388.npy,0.2143177231851381,0.0
000424.npy,0.11549347445843547,2.167623808733505e-193
000432.npy,0.11253228801423372,1.2096030209484377e-183
000439.npy,0.1953606573669247,0.0
000520.npy,0.12667483637233176,1.5427643756523286e-232
000562.npy,0.1237164196430354,8.08822278268971e-222
000596.npy,0.14364618196962395,4.249933491737027e-299
000630.npy,0.08955199900357651,9.081784989909694e-117
000653.npy,0.10097558465057581,4.452927600490461e-148
000743.npy,0.11363970210898837,2.937399859098396e-187
000813.npy,0.10966271447155447,1.9085207656467093e-174
000819.npy,0.05402747823352518,1.444285372877132e-43
000889.npy,0.12051514451982351,1.6362362712746827e-210
001014.npy,0.12112405320084578,1.2212896663002003e-212
001100.npy,0.1368772083940097,1.6354339286663066e-271
001119.npy,0.17436509913627207,0.0
001122.npy,0.09156703718739147,5.152215849069318e-122
001132.npy,0.05768881004281902,1.9610665721661538e-49
001199.npy,0.1357936554653779,3.1707834092869267e-267
001221.npy,0.1096873854639358,1.5946014030321056e-174
001272.npy,0.15911912577900075,0.0
001316.npy,0.10629371016244989,5.887329410818065e-164
001342.npy,0.1579880093443709,0.0
001361.npy,0.10438162102961736,3.7548338028510644e-158
001409.npy,0.14944747382982468,0.0
001415.npy,0.16565779720378682,0.0
001436.npy,0.035578382099020735,8.179456566320467e-20
001590.npy,0.1299943302676579,7.07036680169182e-245
001592.npy,0.13101682267386647,9.602158235086868e-249
001664.npy,0.09251792621174532,1.56770980823515e-124
001666.npy,0.1971349815877973,0.0
001672.npy,0.10163810566407312,5.197071693457462e-150
001727.npy,0.07476102452403344,7.216633544661954e-82
001733.npy,0.09836488287904195,1.3808260629528253e-140
001747.npy,0.12815763147979348,5.2155962729196795e-238
001754.npy,0.08970943260167269,3.569012131691242e-117
001793.npy,0.13487878076149978,1.2409986115527288e-263
001825.npy,0.13485922745166654,1.4800634669132722e-263
001835.npy,0.1177763102593172,4.4155963805583654e-201
001891.npy,0.32387441775767106,0.0
001992.npy,0.2618606625866788,0.0
002203.npy,0.3001440492951176,0.0
002230.npy,0.10013390501039665,1.2180725254813295e-145
002241.npy,0.30498537588823277,0.0
002243.npy,0.29842523592096876,0.0
002253.npy,0.31377692715494476,0.0
002284.npy,0.16302232552108806,0.0
002308.npy,0.21706324434606,0.0
002419.npy,0.3595458909250254,0.0
002435.npy,0.11274129653753744,2.5304478441700776e-184
002478.npy,0.3095445292361204,0.0
002575.npy,0.07221902035556468,1.655843791073504e-76
002603.npy,0.18096219324552548,0.0
002673.npy,0.09664434007475155,9.29526586614987e-136
003220.npy,0.19763624273097374,0.0
003528.npy,0.21929660843442378,0.0
003597.npy,0.2503154540764015,0.0
003739.npy,0.2723582153264782,0.0
003879.npy,0.161768558180036,0.0
004020.npy,0.2481389257285701,0.0
004413.npy,0.23338019457775017,0.0
004684.npy,0.2895629162643659,0.0
000156.npy,0.15476616637284768,0.0
000198.npy,0.23969449129280934,0.0
000508.npy,0.22719130086809883,0.0
000670.npy,0.15000462886029411,0.0
000711.npy,0.20323209388302063,0.0
000803.npy,0.17597830023659064,0.0
000920.npy,0.2347018063934919,0.0
000991.npy,0.13283461751085404,1.07185865528804e-255
001035.npy,0.203702534576504,0.0
001054.npy,0.27093414966385826,0.0
001239.npy,0.0764866418500647,1.2971964980938682e-85
001356.npy,0.109957990405115,2.2153230989750195e-175
001447.npy,0.07054089437308216,4.527163993765425e-73
001461.npy,0.09879009348227537,8.581946838716232e-142
001959.npy,0.3022356489722948,0.0
002040.npy,0.16328561209631137,0.0
002282.npy,0.07575373781007559,5.178780789272949e-84
002434.npy,0.14194279980390456,5.015779630518157e-292
002621.npy,0.10317250067068066,1.5480373766130808e-154
002745.npy,0.3417969175547116,0.0
002769.npy,0.36534088684596716,0.0
002771.npy,0.3263742390264299,0.0
002778.npy,0.29578643149783346,0.0
002800.npy,0.43474688183660937,0.0
002855.npy,0.24522396690344375,0.0
002858.npy,0.01858739334931609,1.94850526861033e-06
003031.npy,0.29763418964012195,0.0
003092.npy,0.3014752629772827,0.0
003226.npy,0.22679660406969127,0.0
003426.npy,0.16530674776330434,0.0
003459.npy,0.245167868068351,0.0
003517.npy,0.2765932842536282,0.0
003558.npy,0.16941747665753373,0.0
003568.npy,0.2810090201509269,0.0
003711.npy,0.3009385017538972,0.0
003712.npy,0.29420327009030334,0.0
003780.npy,0.10833520664237282,2.8426221744686798e-170
003820.npy,0.33985000133584187,0.0
003830.npy,0.08720007560691972,8.550577449694105e-111
003926.npy,0.14942522724691204,0.0
003987.npy,0.2016598573175028,0.0
003989.npy,0.2337459304166457,0.0
004018.npy,0.19499929319659906,0.0
004024.npy,0.28734698615039184,0.0
004143.npy,0.24710920815069407,0.0
004152.npy,0.17706085554689532,0.0
004158.npy,0.2182492897063527,0.0
004213.npy,0.1318405185833963,6.988410252107543e-252
004319.npy,0.3308969203821609,0.0
004408.npy,0.28360349455857,0.0
004440.npy,0.17324487211877088,0.0
004468.npy,0.24826536814136288,0.0
004505.npy,0.29933148203063464,0.0
004514.npy,0.22788522195597877,0.0
004623.npy,0.16471151553386132,0.0
000008.npy,0.1442852298209592,8.965887518738756e-302
000092.npy,0.1013701720862092,3.154982947175824e-149
000102.npy,0.11498091987914444,1.1005196863961423e-191
000134.npy,0.09594984459689429,7.809356127950922e-134
000231.npy,0.08733648153536683,3.889747917805257e-111
000346.npy,0.11747538120776603,4.6523165186013255e-200
000349.npy,0.09059862739524396,1.7701823044996743e-119
000450.npy,0.1700945200217597,0.0
000478.npy,0.15916923081999584,0.0
000506.npy,0.1398071401145233,2.7740894258719283e-283
000518.npy,0.11502606960095443,7.792315032139901e-192
000649.npy,0.08570933929689528,4.3169136651032105e-107
000690.npy,0.07675297260273148,3.3673785386651124e-86
000772.npy,0.09135075144913198,1.9088059134795563e-121
000800.npy,0.10866301074902002,2.6797438521602613e-171
000880.npy,0.14001639586580975,3.9135493075627376e-284
000933.npy,0.07877548558775704,1.029159195480477e-90
000980.npy,0.1582696404539017,0.0
001105.npy,0.10409789641765275,2.671548147719368e-157
001107.npy,0.11905362572036499,1.880460605932341e-205
001114.npy,0.12031134580094544,8.380916626925282e-210
001127.npy,0.12941179802766037,1.0929337791896108e-242
001236.npy,0.09517788462677665,1.0353270584812484e-131
001391.npy,0.08069686958315118,4.109798546399681e-95
001401.npy,0.14270434360389164,3.543816659382329e-295
001402.npy,0.1301379855791972,2.032478123216884e-245
001560.npy,0.13777096683913204,4.472140625741153e-275
001561.npy,0.0995666753568374,5.204090514634965e-144
001888.npy,0.2652436521279393,0.0
001901.npy,0.46102757239742576,0.0
001914.npy,0.24172766470101612,0.0
002628.npy,0.21035984911785952,0.0
000538.npy,0.5725179769775159,0.0
001056.npy,0.16370139554317611,0.0
002110.npy,0.3261826460645295,0.0
002112.npy,0.3705029543899282,0.0
002257.npy,0.1526360252586545,0.0
002712.npy,0.3340912823319599,0.0
002898.npy,0.5640416088350121,0.0
002910.npy,0.45247645983027296,0.0
002982.npy,0.4480588187880713,0.0
003000.npy,0.2769066512057761,0.0
003004.npy,0.4365086292795759,0.0
003070.npy,0.15019022546311844,0.0
003803.npy,0.3682956379791707,0.0
004200.npy,0.6052955980676288,0.0
004244.npy,0.559690745264008,0.0
004349.npy,0.38499487463178783,0.0
004451.npy,0.3865335907753815,0.0
004523.npy,0.34520146357156767,0.0
004540.npy,0.3575044994765934,0.0
004713.npy,0.08073221083219019,3.403393879036373e-95
000445.npy,0.10258591458720127,8.475743911045776e-153
001023.npy,0.12626891901605786,4.72661578535061e-231
001077.npy,0.1624826862354379,0.0
001079.npy,0.15294278333379047,0.0
001252.npy,0.09981676458948524,9.966660048290577e-145
002247.npy,0.24723046942819663,0.0
002272.npy,0.1917821536524548,0.0
002273.npy,0.20468903777850384,0.0
002514.npy,0.13977931991560857,3.598322787858251e-283
002592.npy,0.2236510271596089,0.0
002635.npy,0.21623459136109377,0.0
002710.npy,0.27512843869171855,0.0
002833.npy,0.15571795489354964,0.0
002952.npy,0.10599269247292407,4.9075781722842634e-163
002961.npy,0.1993842881263016,0.0
000570.npy,0.24526006126809535,0.0
000605.npy,0.06938021971315277,9.670167640963797e-71
000623.npy,0.19904919739369578,0.0
000633.npy,0.1282213764053528,3.024372989124439e-238
001067.npy,0.21951193856269183,0.0
001080.npy,0.2112079737758075,0.0
001203.npy,0.2843026246341178,0.0
001399.npy,0.15398710832406273,0.0
001685.npy,0.33150455025101094,0.0
001783.npy,0.2209847322211384,0.0
001844.npy,0.12912793593397076,1.2637691046582365e-241
001864.npy,0.2147876233943528,0.0
001895.npy,0.3711584749597986,0.0
001993.npy,0.12702009093906902,8.323265753268769e-234
001995.npy,0.4591015001128723,0.0
002017.npy,0.2861667632167226,0.0
002031.npy,0.14076800387296928,3.362466162511025e-287
002102.npy,0.17892932887702717,0.0
002127.npy,0.227954931571544,0.0
002129.npy,0.29402180744969497,0.0
002256.npy,0.05867621853068836,4.4111063281525673e-51
002323.npy,0.20840430964273238,0.0
002333.npy,0.07354332066464075,2.815395151901405e-79
002436.npy,0.26987533830697447,0.0
002539.npy,0.22531513868324604,0.0
002642.npy,0.08941938374351928,1.9920074982569415e-116
002674.npy,0.12122616003937094,5.3587393460961766e-213
002734.npy,0.37248552199425083,0.0
002781.npy,0.46850822024506716,0.0
002936.npy,0.21844659588690388,0.0
003021.npy,0.7372613721892054,0.0
003041.npy,0.22260211121820636,0.0
003190.npy,0.37723865373896376,0.0
003209.npy,0.375636839482066,0.0
003325.npy,0.32105881066087455,0.0
003388.npy,0.2942894476347831,0.0
003458.npy,0.38122463262976175,0.0
003535.npy,0.24883155948204436,0.0
003572.npy,0.34737256908737907,0.0
003644.npy,0.4193421678157066,0.0
003674.npy,0.32068728231430804,0.0
003720.npy,0.2625845021731161,0.0
003730.npy,0.5829840183460343,0.0
003792.npy,0.34384386109391174,0.0
003949.npy,0.19384876777756443,0.0
004087.npy,0.2640832487693787,0.0
004126.npy,0.46296538110483915,0.0
004127.npy,0.4917159461168069,0.0
004449.npy,0.40089503782939917,0.0
004489.npy,0.3996223150525121,0.0
004663.npy,0.36137624889640974,0.0
004734.npy,0.4500483737275248,0.0
004749.npy,0.3209285348460681,0.0
004753.npy,0.2797568661195971,0.0
004766.npy,0.5426394916035784,0.0
000058.npy,0.26500459911691604,0.0
000095.npy,0.03288027354555722,3.782048556233593e-17
000113.npy,0.13577693682994074,3.69015259072638e-267
000139.npy,0.04307601095976718,2.667444621724649e-28
000152.npy,0.12275244503484127,2.2100900568895673e-218
000285.npy,0.11863243471185844,5.258297141301624e-204
000358.npy,0.19036202737387511,0.0
000368.npy,0.04771109581862763,2.408023565896274e-34
000377.npy,0.10406921667712474,3.256653869984342e-157
000400.npy,0.07816463198842238,2.4464905621159914e-89
000455.npy,0.061866059973362295,1.3489392122040845e-56
000473.npy,0.11001384737459174,1.4730792246640977e-175
000483.npy,0.07815220427454266,2.608718772606804e-89
000501.npy,0.22951024715857496,0.0
000528.npy,0.12329814024591698,2.5258669435890494e-220
000533.npy,0.08938401773652084,2.4556970130769923e-116
000624.npy,0.10891332398961921,4.393271169933765e-172
000646.npy,0.06133602605044889,1.1654972339155535e-55
000666.npy,0.11080436132077127,4.4708474829204155e-178
000675.npy,0.06968619087676653,2.3718086178644625e-71
000688.npy,0.11443990207637837,6.815488807595766e-190
000751.npy,0.21189566454254505,0.0
000839.npy,0.050604981021349846,1.985087081103469e-38
000842.npy,0.06324124337848522,4.598335030514421e-59
001005.npy,0.06570304594334914,1.288250253859134e-63
001012.npy,0.06439284967533643,3.585947513477418e-61
001094.npy,0.08282014694207458,4.252195670257614e-100
001135.npy,0.061706942830065954,2.582160610773514e-56
001139.npy,0.08845062939076177,5.9655313115850615e-114
001184.npy,0.13892731907411263,1.0111815726885259e-279
001189.npy,0.2600039585307922,0.0
001217.npy,0.11508862922947898,4.828602168341942e-192
001296.npy,0.20925724145645344,0.0
001297.npy,0.2422414504525001,0.0
001329.npy,0.17775065805613383,0.0
001379.npy,0.11926378309088474,3.5523056486584143e-206
001444.npy,0.11199938369461095,6.44424724342522e-182
001482.npy,0.11832105385246292,6.122092952398449e-203
001488.npy,0.12385837121921217,2.508770987528714e-222
001570.npy,0.22036967270922503,0.0
001634.npy,0.14230723450786215,1.5656221200707769e-293
001649.npy,0.06128875965840933,1.4113515249037967e-55
001673.npy,0.07300919925331008,3.7378461489208387e-78
001692.npy,0.09757420763665027,2.3423489644620028e-138
001714.npy,0.10561642051914488,6.891387483238765e-162
001762.npy,0.12150542450614095,5.6106000569853145e-214
001778.npy,0.03827749394971982,1.09894320841174e-22
002049.npy,0.2440989045672647,0.0
002159.npy,0.11845256820145703,2.1726681561198235e-203
002169.npy,0.1374004420302508,1.350804291121336e-273
002170.npy,0.1583150950765756,0.0
002198.npy,0.07201661275281943,4.343649940098777e-76
002310.npy,0.09604335599230414,4.3085262085879355e-134
002342.npy,0.03957765408386429,3.837844318288122e-24
002346.npy,0.0672814637789816,1.2572821282015172e-66
002348.npy,0.03595380761467565,3.354425136433407e-20
002380.npy,0.23536811305477393,0.0
002433.npy,0.10052989399679166,8.743766915506789e-147
002534.npy,0.09913264820846411,9.072438924353551e-143
002566.npy,0.09297806745360943,9.288420160622168e-126
002619.npy,0.0995688997547388,5.128242382652951e-144
002633.npy,0.09505930956497094,2.1855033196380154e-131
002647.npy,0.0871464242805641,1.1651777435723113e-110
002656.npy,0.06690360798617122,6.708875667695097e-66
002965.npy,0.09500801241414047,3.0185334422172215e-131
003038.npy,0.06336241727738105,2.7706764022231342e-59
003068.npy,0.29282174793760446,0.0
003134.npy,0.19806924295485628,0.0
003428.npy,0.14555232732704207,4.0784118288804065e-307
003505.npy,0.24017084310799205,0.0
003541.npy,0.10874545604587348,1.4778906139634671e-171
003553.npy,0.20764855810329733,0.0
003740.npy,0.21830828557347878,0.0
003810.npy,0.20371205856045851,0.0
004285.npy,0.16251959874500943,0.0
004592.npy,0.1634066248502069,0.0
004631.npy,0.20072684280111638,0.0
004675.npy,0.14989589053329316,0.0
000054.npy,0.07784813699508092,1.2510170667555087e-88
000055.npy,0.053001692621713684,5.42917941792796e-42
000063.npy,0.12139609012097945,1.3582650297712905e-213
000157.npy,0.10373094991453091,3.3526518303201805e-156
000211.npy,0.10823785569550452,5.723993108447437e-170
000216.npy,0.10850779483281517,8.205852067221036e-171
000224.npy,0.09578225293543917,2.2640114464130135e-133
000873.npy,0.17342684804493383,0.0
000875.npy,0.29134908216418204,0.0
001042.npy,0.08183227326921944,9.210319328983996e-98
001049.npy,0.11646839475547675,1.1757313547615837e-196
001095.npy,0.023441382813749013,1.952572326292808e-09
001097.npy,0.03372849130745608,5.781642605594145e-18
001159.npy,0.0798733247331239,3.2528340275526833e-93
001200.npy,0.06060068132800385,2.2514155643026894e-54
001306.npy,0.09863855983273669,2.3130004890346437e-141
001507.npy,0.10335180329266433,4.533028977957054e-155
001626.npy,0.1825161837971107,0.0
001804.npy,0.10945897628096116,8.404674887095618e-174
001830.npy,0.1029353110645307,7.833001998419644e-154
002151.npy,0.08401154418808035,5.944526681551613e-103
002279.npy,0.3011540629705597,0.0
002390.npy,0.026444367178968066,1.2806085876606232e-11
002411.npy,0.06604994238425003,2.847692314391169e-64
002443.npy,0.012700587416279942,0.0011483029379121192
002465.npy,0.03540794177682868,1.2222318759538316e-19
002557.npy,0.13498421611733605,4.797569816758722e-264
002587.npy,0.28696448717170103,0.0
002588.npy,0.2934451832354845,0.0
002608.npy,0.012137514893286289,0.0018883088591768909
002626.npy,0.09506516744845342,2.1063539194358384e-131
002669.npy,0.04394709479201921,2.1714622762481888e-29
002711.npy,0.2686362608841709,0.0
002834.npy,0.1374458984028992,8.896874427582947e-274
003205.npy,0.18771804718940877,0.0
003206.npy,0.208128448901933,0.0
003616.npy,0.06971628327827899,2.0649305101906698e-71
000046.npy,0.14643921532514806,6.9567239669853e-311
000302.npy,0.3083922274540227,0.0
000613.npy,0.3575042209450126,0.0
000715.npy,0.4089541059782844,0.0
000734.npy,0.3833477624998541,0.0
000999.npy,0.24359032473139838,0.0
001854.npy,0.13953123194082437,3.65232559481273e-282
001950.npy,0.45160945940146185,0.0
001982.npy,0.264056322742336,0.0
001990.npy,0.35474830382328,0.0
002143.npy,0.2601928290515447,0.0
002144.npy,0.296142514905015,0.0
002161.npy,0.17416745245253948,0.0
002163.npy,0.222485721325663,0.0
002174.npy,0.1157979540257081,2.0849457403263748e-194
002400.npy,0.12891106860073687,8.169968058881669e-241
002675.npy,0.20987131671096032,0.0
002733.npy,0.3703982045086516,0.0
002913.npy,0.3491587701261669,0.0
002976.npy,0.36247368524297985,0.0
003002.npy,0.243127745370564,0.0
003026.npy,0.4903993138230535,0.0
003076.npy,0.4002866593479508,0.0
003101.npy,0.2786820463119889,0.0
003103.npy,0.4117842462605172,0.0
003126.npy,0.3050263724800708,0.0
003127.npy,0.2837837636628749,0.0
003307.npy,0.2973848471392488,0.0
003326.npy,0.29456483016971396,0.0
003391.npy,0.4272238835660799,0.0
003443.npy,0.24758454440756483,0.0
003474.npy,0.3502539574391951,0.0
003477.npy,0.3097684155485698,0.0
003562.npy,0.48739136808935724,0.0
003564.npy,0.38095019281623604,0.0
003658.npy,0.35456309046734674,0.0
003734.npy,0.1949867835437353,0.0
003770.npy,0.38339975141893284,0.0
003804.npy,0.351739335203992,0.0
003805.npy,0.35838664345052007,0.0
003824.npy,0.3214116966658084,0.0
003835.npy,0.2895055669394657,0.0
003860.npy,0.3667743808737577,0.0
003890.npy,0.22010498397104164,0.0
003941.npy,0.25747736754811656,0.0
003965.npy,0.25961459494728845,0.0
004022.npy,0.2774640673337536,0.0
004025.npy,0.2947121307614629,0.0
004102.npy,0.3083399618944676,0.0
004108.npy,0.3762073976650537,0.0
004236.npy,0.4286212632738107,0.0
004296.npy,0.2697992399053379,0.0
004301.npy,0.3408798842583057,0.0
004317.npy,0.32556183641393527,0.0
004340.npy,0.35318513961588593,0.0
004371.npy,0.32998472986807553,0.0
004386.npy,0.2757829134874909,0.0
004433.npy,0.29700256700363126,0.0
004502.npy,0.42327609236112523,0.0
004520.npy,0.42054004691090474,0.0
004561.npy,0.2772010863569396,0.0
004562.npy,0.2813300250152345,0.0
004572.npy,0.3351747142235834,0.0
004575.npy,0.24260342077411914,0.0
004602.npy,0.3270400542565456,0.0
004719.npy,0.2691193406572785,0.0
004733.npy,0.28729536215904233,0.0
004754.npy,0.2399122052456127,0.0
001062.npy,0.39988144461036185,0.0
001063.npy,0.5865344926745375,0.0
000069.npy,0.2169149970067092,0.0
000085.npy,0.23231713344911537,0.0
000177.npy,0.06255158992393658,8.068215325313946e-58
000226.npy,0.24346891202654067,0.0
000372.npy,0.08206692981856212,2.5824379567965234e-98
000373.npy,0.06264202690497214,5.5513818002965805e-58
000415.npy,0.12168824197755525,1.2769459370205636e-214
000728.npy,0.14733422349161243,0.0
000777.npy,0.07301061983612589,3.712319234065098e-78
000916.npy,0.20366789581498587,0.0
000993.npy,0.1576977660322061,0.0
000994.npy,0.2393882156327746,0.0
001011.npy,0.05374581020611172,3.936804936532053e-43
001038.npy,0.16819304740615584,0.0
001103.npy,0.1443086906949281,7.147000486930698e-302
001234.npy,0.18211223672562854,0.0
001246.npy,0.10335375227911602,4.472861272965624e-155
001261.npy,0.08522332256017583,6.738281445889837e-106
001287.npy,0.035111301451951744,2.4478204928032185e-19
001516.npy,0.0897289889472454,3.177688250293096e-117
001517.npy,0.08484156331042879,5.769262377074199e-105
001600.npy,0.16911275214422936,0.0
001708.npy,0.04999878096298702,1.489418411316495e-37
001721.npy,0.02509646011998286,1.3136489429315285e-10
001770.npy,0.10686152612925294,1.0603742760187263e-165
002167.npy,0.07022961420362475,1.9249005530636994e-72
002184.npy,0.21740718986338903,0.0
002185.npy,0.2088179423688029,0.0
002293.npy,0.07401584137950573,2.812694015342296e-80
002312.npy,0.03893930843162975,2.0200612272010267e-23
002316.npy,0.08759435568046714,8.744926363791589e-112
002318.npy,0.09231871355572989,5.305253884660733e-124
002339.npy,0.07659405799428762,7.533956418213183e-86
002345.npy,0.046079162807514326,3.797439659787861e-32
002371.npy,0.04219870081519586,3.172826424020279e-27
002491.npy,0.19550545843560022,0.0
002508.npy,0.07839942852976448,7.259349099182916e-90
002553.npy,0.04811425146693088,6.714708927411012e-35
002561.npy,0.04819483689740104,5.19527207065503e-35
002607.npy,0.0947499507892909,1.5281346126686943e-130
002691.npy,0.10234469060833845,4.366524855768635e-152
002703.npy,0.07834744082108731,9.503078988445762e-90
002723.npy,0.07458085675748365,1.7555725404866313e-81
003086.npy,0.17939441639756312,0.0
003147.npy,0.21280165651796545,0.0
004043.npy,0.1615101077263376,0.0
004673.npy,0.101871755517979,1.0740453176662374e-150
004687.npy,0.11143223545829795,4.339481959686376e-180
000002.npy,0.2685996169735281,0.0
000486.npy,0.15407369428844678,0.0
000488.npy,0.15426754114625513,0.0
000522.npy,0.21828819168462274,0.0
000571.npy,0.3866647477552494,0.0
000764.npy,0.23202198958943374,0.0
000808.npy,0.20795168339677944,0.0
000846.npy,0.2325307339496219,0.0
000955.npy,0.2505110049158277,0.0
001050.npy,0.16218820024887423,0.0
001149.npy,0.23809547468231929,0.0
001192.npy,0.272470659051683,0.0
001232.npy,0.16368141159918584,0.0
001285.npy,0.20945789043785754,0.0
001417.npy,0.21274838091881015,0.0
002638.npy,0.2440268141492201,0.0
002715.npy,0.1734581633022216,0.0
002718.npy,0.4513187718581044,0.0
003018.npy,0.3860214690107282,0.0
003019.npy,0.4318647622004455,0.0
003154.npy,0.27192373757861577,0.0
003184.npy,0.20510628601988162,0.0
003185.npy,0.19876892810211405,0.0
003210.npy,0.2604295846505425,0.0
003252.npy,0.20387468193242855,0.0
003309.npy,0.2720658148727225,0.0
003322.npy,0.38343560057892234,0.0
003323.npy,0.3542336954690895,0.0
003340.npy,0.4760814369252374,0.0
003539.npy,0.40073323920820175,0.0
003638.npy,0.2557497119185482,0.0
003702.npy,0.31342586833478053,0.0
003825.npy,0.2478948563598001,0.0
004016.npy,0.21665876860077593,0.0
004142.npy,0.1626916206769681,0.0
004161.npy,0.2827642571032804,0.0
004206.npy,0.18531824904021232,0.0
004343.npy,0.20915607566317493,0.0
004559.npy,0.299174622429905,0.0
004743.npy,0.15371964148506728,0.0
004776.npy,0.44723040227610983,0.0
000230.npy,0.17636839962171144,0.0
001501.npy,0.20945671090528037,0.0
001881.npy,0.20795907750694279,0.0
001887.npy,0.23979690295008468,0.0
001983.npy,0.15574793018767813,0.0
002069.npy,0.2654997464440052,0.0
002139.npy,0.11114082572607192,3.742295094984612e-179
002313.npy,0.129912766476742,1.4340663516842672e-244
002756.npy,0.41026192995706856,0.0
002773.npy,0.40078773773129955,0.0
002970.npy,0.29811478631397337,0.0
002972.npy,0.34762718100930573,0.0
002989.npy,0.36260980896810985,0.0
003129.npy,0.3468115347733241,0.0
003179.npy,0.25523800191315776,0.0
003494.npy,0.14457560558026708,5.403321564532611e-303
003559.npy,0.13561657387696163,1.5794584543815654e-266
003621.npy,0.30121665099636363,0.0
003622.npy,0.22044160257090634,0.0
003700.npy,0.15229408420615803,0.0
003788.npy,0.29853255241422405,0.0
004121.npy,0.28598160491652497,0.0
004264.npy,0.30858776548494005,0.0
004322.npy,0.12141864501109416,1.1318850114375898e-213
004332.npy,0.29775826648366477,0.0
004390.npy,0.15576533181685986,0.0
004446.npy,0.26431370005051413,0.0
000025.npy,0.31911577290220405,0.0
000223.npy,0.1685507049695099,0.0
000265.npy,0.22218431654279272,0.0
000316.npy,0.20002096620168452,0.0
000435.npy,0.4481060935457332,0.0
000583.npy,0.20019146575742497,0.0
000639.npy,0.3248788815291995,0.0
000818.npy,0.17284825634502604,0.0
000919.npy,0.19674962644862887,0.0
000937.npy,0.1889055573039386,0.0
001214.npy,0.2422376371391979,0.0
001690.npy,0.18606193258212506,0.0
001923.npy,0.1750163022938797,0.0
001947.npy,0.18073409822213474,0.0
001949.npy,0.204158135741227,0.0
002200.npy,0.17638271820055323,0.0
002207.npy,0.15045195705321443,0.0
002386.npy,0.293157389397602,0.0
002422.npy,0.19027267398295333,0.0
002537.npy,0.1841285626956681,0.0
002579.npy,0.1510968435254364,0.0
002705.npy,0.25863917519749896,0.0
002737.npy,0.3813027280391785,0.0
002870.npy,0.33504370957330215,0.0
002880.npy,0.26691385910717225,0.0
002908.npy,0.37286247250142984,0.0
002948.npy,0.34268872833097247,0.0
003062.npy,0.32315645102331086,0.0
003137.npy,0.2955456975086002,0.0
003249.npy,0.4095025702320259,0.0
003251.npy,0.46786326338997103,0.0
003260.npy,0.14950709817478042,0.0
003380.npy,0.30132950476239095,0.0
003433.npy,0.15626829442595264,0.0
003807.npy,0.1691958148981477,0.0
003808.npy,0.17754556835566537,0.0
004154.npy,0.17899481351677174,0.0
004179.npy,0.2333173639548324,0.0
004196.npy,0.2277539077302261,0.0
004324.npy,0.21654463362743528,0.0
004421.npy,0.3207905663445,0.0
004546.npy,0.2853727054463683,0.0
004615.npy,0.22771036151832066,0.0
004616.npy,0.2786215997215206,0.0
004644.npy,0.37556201232715547,0.0
004698.npy,0.18253543712457335,0.0
000080.npy,0.307967769639838,0.0
000084.npy,0.11739976632363526,8.398807092991789e-200
000160.npy,0.12871430074049867,4.4303050828203534e-240
000297.npy,0.26243023673976607,0.0
000697.npy,0.2199526649040459,0.0
000863.npy,0.22001715295333427,0.0
000899.npy,0.08933296137107341,3.321357246446973e-116
000927.npy,0.18086336134390293,0.0
000946.npy,0.2160459043492783,0.0
001546.npy,0.22622825489386666,0.0
001547.npy,0.29494656337216396,0.0
001596.npy,0.15979740768582412,0.0
001839.npy,0.10293389454140663,7.909126517598014e-154
002471.npy,0.17417017288970515,0.0
002650.npy,0.16038303318119387,0.0
002785.npy,0.5672536345724782,0.0
002822.npy,0.33157047179893073,0.0
002847.npy,0.34885847461288555,0.0
002863.npy,0.28044315310496426,0.0
002922.npy,0.2772697354882344,0.0
003012.npy,0.2764972712519385,0.0
003043.npy,0.40002731312139245,0.0
003044.npy,0.4387694609539953,0.0
003364.npy,0.44610000372337977,0.0
003365.npy,0.4023498993522063,0.0
003373.npy,0.2290116540524789,0.0
003377.npy,0.261036114113603,0.0
003423.npy,0.1828736454674132,0.0
003444.npy,0.19716889792397443,0.0
003480.npy,0.271804342905563,0.0
003484.npy,0.40523712067604056,0.0
003497.npy,0.1863433179021192,0.0
003818.npy,0.17710894943128688,0.0
003871.npy,0.3050543700820179,0.0
003973.npy,0.23242849656449815,0.0
004003.npy,0.3055766113569857,0.0
004012.npy,0.2749024056593463,0.0
004147.npy,0.16845313210770677,0.0
004148.npy,0.16696386872335067,0.0
004183.npy,0.3661286150068234,0.0
004276.npy,0.22345729380622237,0.0
004281.npy,0.1501197621553101,0.0
004460.npy,0.16345064976895662,0.0
004656.npy,0.31542694318983805,0.0
004657.npy,0.18776668549833334,0.0
004703.npy,0.38789671126729225,0.0
000740.npy,0.38726279792312557,0.0
001076.npy,0.3914256537384041,0.0
001677.npy,0.21800815859087744,0.0
001867.npy,0.49999667278504756,0.0
001984.npy,0.26597897346393135,0.0
002026.npy,0.4715799575085206,0.0
002076.npy,0.49391837350816226,0.0
002097.npy,0.24255699171873096,0.0
002187.npy,0.11904606827348252,1.9964878296545077e-205
002761.npy,0.5765533666659869,0.0
002768.npy,0.7352642629556743,0.0
002859.npy,0.15231159162209382,0.0
002937.npy,0.5406249743835198,0.0
003361.npy,0.41893805723601707,0.0
003503.npy,0.1988354894080377,0.0
003768.npy,0.589806977762829,0.0
003957.npy,0.4012825354933622,0.0
004498.npy,0.24750025138329618,0.0
004764.npy,0.38015155443173376,0.0
000640.npy,0.3065140649771676,0.0
000877.npy,0.3300408121752292,0.0
003717.npy,0.7126393310630973,0.0
002066.npy,0.29744931900538973,0.0
002067.npy,0.23949969586629452,0.0
002106.npy,0.15088010898651993,0.0
002739.npy,0.5131528393679619,0.0
002933.npy,0.4653044899096275,0.0
003222.npy,0.30602666033207737,0.0
003262.npy,0.3814518229406474,0.0
003264.npy,0.25618828407353206,0.0
003265.npy,0.434478402465511,0.0
003267.npy,0.34395296661196906,0.0
003623.npy,0.2700410179278258,0.0
003787.npy,0.3444858724983162,0.0
003849.npy,0.3537275219264895,0.0
003911.npy,0.3488525745754023,0.0
004320.npy,0.15701061778171305,0.0
004531.npy,0.29551609651747673,0.0
000322.npy,0.3072212464127745,0.0
000559.npy,0.22214816223782755,0.0
000572.npy,0.22430298903434476,0.0
001207.npy,0.3394066975348637,0.0
001340.npy,0.2901941996586176,0.0
001521.npy,0.38253523822467683,0.0
001522.npy,0.35875072630457266,0.0
002573.npy,0.15846121273115657,0.0
003083.npy,0.5570247942937133,0.0
003162.npy,0.3831850932515838,0.0
003843.npy,0.4394233524354407,0.0
003856.npy,0.45669076040518525,0.0
004642.npy,0.19089089010030566,0.0
004755.npy,0.3895800082345141,0.0
001964.npy,0.525209990977184,0.0
002796.npy,0.42189026018172743,0.0
002835.npy,0.5249345001327725,0.0
002971.npy,0.37374815951532736,0.0
003088.npy,0.34099736954386983,0.0
003857.npy,0.4108638707999297,0.0
004063.npy,0.2718404172374642,0.0
004501.npy,0.41567540654135915,0.0
004577.npy,0.40062870810375345,0.0
004597.npy,0.3911036806883938,0.0
004654.npy,0.38594004780015456,0.0
004690.npy,0.3833903149282293,0.0
004727.npy,0.3678718742285517,0.0
004752.npy,0.31050086256584863,0.0
004756.npy,0.4476471658320471,0.0
