file,psnr,ssim,lpips
000015.npy,24.344728708943173,0.6501843593187888,0.1401377171278
000030.npy,23.383312301398448,0.6065530391915775,0.18835943937301636
000088.npy,22.141658507470027,0.5617925367965605,0.21304398775100708
000093.npy,22.663386997424663,0.37502981652133494,0.22723306715488434
000167.npy,22.45154436779938,0.6418767729303837,0.14086568355560303
000194.npy,21.410676401476806,0.30712759027991166,0.17529651522636414
000215.npy,20.882107328079154,0.44685558504691997,0.20877310633659363
000295.npy,24.62349926448415,0.5818316687815785,0.21543273329734802
000318.npy,22.709414672610823,0.6109635070298594,0.1995086371898651
000319.npy,22.872140332235563,0.6289543030319652,0.15689164400100708
000347.npy,20.102302495150475,0.4393442315816574,0.24311259388923645
000366.npy,24.364559396739264,0.4542255031109676,0.15692293643951416
000371.npy,25.187806521536018,0.46424045999412983,0.16928689181804657
000388.npy,23.096894863295955,0.4678296430734843,0.17604196071624756
000424.npy,20.022019742062625,0.45240126766657457,0.21976901590824127
000432.npy,22.95932656006456,0.5743378440242405,0.17228499054908752
000439.npy,23.515273593242043,0.3731395318273231,0.19550836086273193
000520.npy,23.345540893869142,0.5255723329284054,0.20506498217582703
000562.npy,23.53585619623223,0.5885890162320501,0.16091784834861755
000596.npy,22.243553506225474,0.5170070785923228,0.26078957319259644
000630.npy,21.84595164335058,0.5419756803989373,0.18011951446533203
000653.npy,20.995094666015255,0.42749431432305146,0.21535459160804749
000743.npy,21.048945745566385,0.4784944155777595,0.2180711179971695
000813.npy,23.95778317028902,0.5834267286656862,0.13339100778102875
000819.npy,25.528206256107225,0.42977385965657233,0.16383212804794312
000889.npy,23.445773556927655,0.6104211059789117,0.15653803944587708
001014.npy,20.585816118287127,0.5661374090625928,0.1515955626964569
001100.npy,20.69365606753604,0.4417207280015219,0.19004017114639282
001119.npy,26.157937924392854,0.4801796473547965,0.14471042156219482
001122.npy,22.1659718288644,0.49524528935347345,0.2005729079246521
001132.npy,22.70408512067451,0.29861559235260005,0.14675912261009216
001199.npy,22.881179375848554,0.6355002054610513,0.1644335240125656
001221.npy,21.34935467314213,0.442854261864813,0.23263072967529297
001272.npy,22.640484562327824,0.5516045769477689,0.1982576847076416
001316.npy,23.770176128954827,0.6125226605035369,0.16508525609970093
001342.npy,22.626049249442385,0.598460022304058,0.22144004702568054
001361.npy,23.530754376860322,0.4707421588753313,0.20140205323696136
001409.npy,21.308161148481165,0.5984164989801519,0.1567903310060501
001415.npy,25.361423867542598,0.4592943586624293,0.2616373300552368
001436.npy,24.936650344731163,0.3368800683580935,0.14640486240386963
001590.npy,23.375430252344035,0.6115841171468571,0.17025695741176605
001592.npy,22.32823415448631,0.6163233347666096,0.18647177517414093
001664.npy,21.158079768482704,0.28101190350725364,0.15240713953971863
001666.npy,22.400960215749464,0.710876113029778,0.1551268994808197
001672.npy,21.421308288544534,0.32819555171524173,0.22559310495853424
001727.npy,24.19779075805507,0.556752098584883,0.13653312623500824
001733.npy,20.825548434170244,0.3042603419552785,0.23684032261371613
001747.npy,21.850591122201436,0.525982350699022,0.1785905808210373
001754.npy,22.298819039950533,0.5558074092502531,0.11418329924345016
001793.npy,23.540885639740416,0.5996574648542423,0.19840455055236816
001825.npy,21.799121882758374,0.6167204433705825,0.17418591678142548
001835.npy,21.17968020207512,0.4526412951823771,0.21936187148094177
001891.npy,29.59141434516786,0.7406375702463835,0.14224357903003693
001992.npy,29.349981086310954,0.7480457718619108,0.12401434779167175
002203.npy,27.987355398232793,0.7928804683656103,0.09930115938186646
002230.npy,25.102038546270574,0.4709874878843892,0.16095177829265594
002241.npy,26.351199091941304,0.7307038244084157,0.14584454894065857
002243.npy,26.398138649610424,0.7077123950092914,0.15470220148563385
002253.npy,25.10652220910152,0.701311893255231,0.15334554016590118
002284.npy,19.801639484855475,0.3339686585180564,0.22847089171409607
002308.npy,22.623084302845808,0.7216126987015605,0.1473044455051422
002419.npy,27.135574617344066,0.6833365314347297,0.16399036347866058
002435.npy,24.250103633436844,0.46985803682748506,0.1622869223356247
002478.npy,26.196017493185373,0.6839536491738751,0.13139215111732483
002575.npy,23.858155880710605,0.43128703666324403,0.21823611855506897
002603.npy,22.208673913268715,0.6706005263503683,0.21669906377792358
002673.npy,22.916043227220086,0.3605945262441933,0.16099703311920166
003220.npy,20.030346166292553,0.4817076070161556,0.2316899448633194
003528.npy,21.186015180316716,0.3435216851093536,0.245021253824234
003597.npy,25.59871542781663,0.7533493480609804,0.15656375885009766
003739.npy,22.242100522585417,0.6325016451358199,0.16921553015708923
003879.npy,22.615070822764373,0.501588175152285,0.23311641812324524
004020.npy,21.881514761965132,0.6190794949046485,0.20807217061519623
004413.npy,24.245926255606708,0.7103791227482408,0.1734524667263031
004684.npy,21.81212817334712,0.5164988414430535,0.2344929575920105
000156.npy,24.56433283564836,0.7401139571176227,0.09627947211265564
000198.npy,27.130296393699393,0.7465380130635588,0.15635260939598083
000508.npy,22.423850524163576,0.688771495466046,0.11986012756824493
000670.npy,22.989567909444464,0.8051978308921615,0.11031045764684677
000711.npy,21.65906627219733,0.6010038756632514,0.15173271298408508
000803.npy,25.50735510931835,0.7666842234252319,0.10849867761135101
000920.npy,24.252912327370133,0.8531695261108689,0.08286355435848236
000991.npy,23.723929471331896,0.7604685321921018,0.1199197769165039
001035.npy,24.621740321784188,0.7695792492355407,0.07859733700752258
001054.npy,24.367004180565157,0.7260637969441125,0.13674764335155487
001239.npy,23.41638125208282,0.41741553927978214,0.19558048248291016
001356.npy,20.524834277423878,0.5360720571049569,0.21039718389511108
001447.npy,25.687688570581614,0.4202109152679611,0.15232254564762115
001461.npy,25.288864090259622,0.6618137366217226,0.12605667114257812
001959.npy,26.980106661148056,0.7186740342490971,0.13663116097450256
002040.npy,26.234897671646905,0.5183045037841973,0.21223223209381104
002282.npy,26.789855505339673,0.7843292053084373,0.08886437118053436
002434.npy,23.848645590895934,0.5463319362786934,0.17570939660072327
002621.npy,22.809139035487085,0.7642459172492102,0.09056083858013153
002745.npy,25.30575940797484,0.6146232950958829,0.07600140571594238
002769.npy,23.388933708094278,0.5183977546256241,0.1394851952791214
002771.npy,23.93467516386535,0.5610688876210647,0.137287437915802
002778.npy,25.662926470495826,0.6642270557185133,0.09460873901844025
002800.npy,22.63858704364592,0.5331874261118426,0.14503180980682373
002855.npy,23.580632214355546,0.3987087082131724,0.21040359139442444
002858.npy,27.235121933051474,0.45596317554433363,0.24652960896492004
003031.npy,24.386473105578954,0.6381663095545489,0.17876625061035156
003092.npy,22.45565913395296,0.637911145511641,0.17047281563282013
003226.npy,22.189250381665794,0.5795685579497123,0.22700706124305725
003426.npy,22.791184359791714,0.35542921364349606,0.17798426747322083
003459.npy,24.236264916144975,0.7667840709648897,0.10616838932037354
003517.npy,30.715238166139002,0.840264238327574,0.1418197900056839
003558.npy,25.60947069634863,0.5593229761847288,0.15816740691661835
003568.npy,25.149743434726666,0.8141454258686295,0.11183705925941467
003711.npy,24.485907724244843,0.7982117823909723,0.14917677640914917
003712.npy,22.47449119685459,0.753376145859472,0.16110438108444214
003780.npy,27.023094582795707,0.726661464193955,0.14959809184074402
003820.npy,21.82186718468354,0.7689616813581475,0.15405192971229553
003830.npy,24.256815035000493,0.6190453144149873,0.12435169517993927
003926.npy,25.516356893618845,0.7783761180141047,0.22790849208831787
003987.npy,21.260895361973958,0.7233048566672048,0.15758447349071503
003989.npy,22.162943691683278,0.7310466123931929,0.14044329524040222
004018.npy,25.77611867234627,0.7600148563248869,0.08810170739889145
004024.npy,22.838280560992636,0.6579400684410599,0.1587347388267517
004143.npy,22.01147796290716,0.47618317953797734,0.21975812315940857
004152.npy,21.162736301198493,0.4413684210909735,0.2581489682197571
004158.npy,25.001689328932354,0.8099167660158276,0.13412298262119293
004213.npy,23.606920802542156,0.7554475162515706,0.15370994806289673
004319.npy,27.4003975530834,0.7992864721936104,0.12042734771966934
004408.npy,25.371339092919705,0.8010611748731606,0.08316194266080856
004440.npy,26.170499191542554,0.6665043402083177,0.12016567587852478
004468.npy,22.338201418937146,0.5998706721567125,0.1281556785106659
004505.npy,26.92773590867239,0.8396444438790409,0.09195073693990707
004514.npy,26.54853484240543,0.8767810341162803,0.07342419028282166
004623.npy,25.884068680079277,0.7621825193943922,0.11676143109798431
000008.npy,24.463729727346838,0.6621305754047632,0.13422001898288727
000092.npy,20.748059242470696,0.3394681893008198,0.22156448662281036
000102.npy,23.518653472027342,0.5861242720337337,0.1796751320362091
000134.npy,23.728578887433006,0.6333737075085119,0.14176586270332336
000231.npy,27.57803451554637,0.5769615665462017,0.1231343150138855
000346.npy,20.422079613624415,0.40328700761624997,0.22318638861179352
000349.npy,22.752411890619108,0.5725625928269588,0.16919025778770447
000450.npy,22.567419425572464,0.7508567114483519,0.13460753858089447
000478.npy,23.64813580539593,0.6026834922436425,0.17380733788013458
000506.npy,22.147449331777374,0.5548761641475463,0.1954500377178192
000518.npy,23.020085109121133,0.5788640461031794,0.1828729510307312
000649.npy,21.598196401890334,0.5168588613993041,0.24153077602386475
000690.npy,25.014517325575632,0.4647896203013584,0.12501125037670135
000772.npy,19.375572598047782,0.47212599758097434,0.17764636874198914
000800.npy,20.60688048361709,0.3621400425740862,0.16821661591529846
000880.npy,20.94008338998802,0.5997160241825507,0.20097540318965912
000933.npy,24.658143076064817,0.6447970371702239,0.09960459172725677
000980.npy,26.07609415955205,0.729376607166931,0.14656810462474823
001105.npy,24.810172995852806,0.6543424737279192,0.13427360355854034
001107.npy,22.364077884764097,0.5503744912544861,0.1906382143497467
001114.npy,24.01375028508905,0.5329697287465818,0.14896664023399353
001127.npy,22.99165018301107,0.5653128617745712,0.19418568909168243
001236.npy,23.1455826544624,0.4869397258975627,0.31200602650642395
001391.npy,22.563548585219895,0.51087941955994,0.2525029182434082
001401.npy,20.65012235494878,0.4747846154656322,0.23140990734100342
001402.npy,20.31987759319328,0.3642727691439036,0.2460533231496811
001560.npy,22.217563080804613,0.6032884884458706,0.19860944151878357
001561.npy,24.075910459497948,0.6145835734023694,0.1893388330936432
001888.npy,27.852033457786742,0.8531153826928102,0.0427190437912941
001901.npy,24.743077771287233,0.7371474187351466,0.13057641685009003
001914.npy,23.89122882502216,0.8059404341823087,0.12802636623382568
002628.npy,29.844312877718053,0.8125351052213907,0.09130797535181046
000538.npy,23.534588120984175,0.766061414357692,0.12536326050758362
001056.npy,26.86797841915815,0.61761523639898,0.1684827208518982
002110.npy,26.120497161799314,0.7732301654774212,0.04536411538720131
002112.npy,25.789305765231546,0.44869557321565867,0.1045653373003006
002257.npy,24.02133642209726,0.38576496329347804,0.20491920411586761
002712.npy,29.644989690979212,0.8118198552703262,0.11910051107406616
002898.npy,24.109928640197143,0.7819605967844874,0.11949373781681061
002910.npy,28.62274498992103,0.7824323563386575,0.11574750393629074
002982.npy,22.924434180593586,0.5707798256919384,0.15997520089149475
003000.npy,25.794628535996573,0.6377572347775269,0.18582886457443237
003004.npy,23.064295923487435,0.6478262629785613,0.191187784075737
003070.npy,26.90641915112337,0.5518326924834838,0.12909510731697083
003803.npy,25.544684214761357,0.7790272660850175,0.11783593893051147
004200.npy,30.142142850505223,0.8673955050817402,0.08519330620765686
004244.npy,22.112174569544116,0.7468363862697389,0.1389041393995285
004349.npy,30.336164168057888,0.8420207462707106,0.12613318860530853
004451.npy,29.079571562011864,0.8036020056117577,0.150726318359375
004523.npy,28.129414027190766,0.7215141802502577,0.2631511688232422
004540.npy,23.882582296474943,0.7490760966444723,0.1934298872947693
004713.npy,23.731712834090057,0.3296583647135589,0.18584312498569489
000445.npy,24.116963349115842,0.338806336340711,0.2138349711894989
001023.npy,23.648764606803322,0.43868762712225995,0.17554986476898193
001077.npy,26.405088938875174,0.6384966078114566,0.19911706447601318
001079.npy,28.60536313495139,0.5219361510406081,0.24665433168411255
001252.npy,23.64985825365951,0.35353371214775753,0.17805463075637817
002247.npy,25.52354694927856,0.648244417802558,0.19304132461547852
002272.npy,23.444773512982316,0.6728668588030995,0.16412034630775452
002273.npy,23.47937412155798,0.6873431058000573,0.15618672966957092
002514.npy,23.493434620154375,0.5479248968746094,0.22201555967330933
002592.npy,24.037970692327363,0.8164043280801326,0.09643411636352539
002635.npy,30.116478235957914,0.7547298631207104,0.11578835546970367
002710.npy,26.697927150119654,0.715647757797312,0.14194411039352417
002833.npy,23.532585597480313,0.5389048804974659,0.27220022678375244
002952.npy,24.7819096959921,0.3989868592966907,0.2678185999393463
002961.npy,24.354256145804413,0.5822909604960657,0.15358887612819672
000570.npy,23.321811163742336,0.5126759700276461,0.23324579000473022
000605.npy,23.807577125261957,0.42241830300389693,0.18038639426231384
000623.npy,22.39041377597223,0.5478810985331237,0.23286892473697662
000633.npy,25.080610929066154,0.6157050780274012,0.16410501301288605
001067.npy,23.68327838063575,0.5809140480988025,0.2294868528842926
001080.npy,21.639256686997715,0.3873475122325723,0.2174253612756729
001203.npy,23.18975768576895,0.6310727679637745,0.14513882994651794
001399.npy,22.911658800212216,0.48560423567487954,0.23808732628822327
001685.npy,22.50073358057343,0.7072877605650723,0.15576748549938202
001783.npy,26.04903223928985,0.6380445510278567,0.14027366042137146
001844.npy,24.048958332960005,0.5402124631521106,0.1731296330690384
001864.npy,29.65751663945621,0.6853516657246351,0.13678577542304993
001895.npy,29.733200984536357,0.8322806806250512,0.11053584516048431
001993.npy,30.81500782875555,0.6758370955204964,0.11052973568439484
001995.npy,25.443523425041597,0.806231161511898,0.06543833762407303
002017.npy,25.39696674908281,0.6943164957600833,0.18427081406116486
002031.npy,28.418377680126113,0.599554085192509,0.2023506909608841
002102.npy,30.302178998335098,0.6744475358147621,0.18823063373565674
002127.npy,27.35062469455192,0.6709356361502595,0.13692668080329895
002129.npy,29.70282576352502,0.7690791525659562,0.14298909902572632
002256.npy,25.929252150702563,0.4045621180111356,0.17945384979248047
002323.npy,26.018349219392082,0.8689257392700911,0.07669632136821747
002333.npy,25.56401091850068,0.3940166942021251,0.18061089515686035
002436.npy,22.638561520956216,0.4753958876028061,0.2363266497850418
002539.npy,21.85459056978768,0.6266963047769967,0.1729818433523178
002642.npy,28.853742677395104,0.5982282645121515,0.13544191420078278
002674.npy,28.115108618359454,0.5378046229736805,0.13179180026054382
002734.npy,26.823527985164887,0.8124733623142466,0.07798167318105698
002781.npy,27.24791055527378,0.7870304111635685,0.12922298908233643
002936.npy,31.01083751617835,0.8711317309404742,0.05661122128367424
003021.npy,21.448471317427185,0.7962257509717345,0.12558507919311523
003041.npy,29.577996146836405,0.6760234878618643,0.18916115164756775
003190.npy,33.3552888454711,0.8879999168398678,0.07120806723833084
003209.npy,28.662834618696948,0.8299583036234993,0.10571019351482391
003325.npy,33.92695565726284,0.8815294181082248,0.04996875301003456
003388.npy,34.02978894356885,0.8482682926020623,0.0548880472779274
003458.npy,26.907817136847036,0.8263894371886253,0.13083478808403015
003535.npy,21.68649075610429,0.4811712990576141,0.18616029620170593
003572.npy,24.276833295396468,0.7063493935557036,0.18015694618225098
003644.npy,21.956215431003375,0.6342528416492724,0.15741115808486938
003674.npy,24.540502344712532,0.7637578883494437,0.13221445679664612
003720.npy,26.68801946953989,0.7638582596298754,0.10407692193984985
003730.npy,26.26163187829972,0.7314393486845204,0.12074664235115051
003792.npy,31.51319622698321,0.709988649933815,0.09446565061807632
003949.npy,25.3854316184648,0.5097366570980549,0.12305818498134613
004087.npy,24.450582686646758,0.5930929490819983,0.16008523106575012
004126.npy,26.46754435944434,0.7639001391499531,0.13680164515972137
004127.npy,25.258573586789687,0.742451991405718,0.11380033195018768
004449.npy,30.60698820232901,0.8346734551818371,0.11142059415578842
004489.npy,27.776430646388896,0.7966598314886904,0.10188385844230652
004663.npy,27.844796998447524,0.7448885466400385,0.09474334120750427
004734.npy,24.09758691564488,0.7403742073149086,0.15377174317836761
004749.npy,24.396289849004052,0.7830453849489093,0.14276225864887238
004753.npy,32.01007098976052,0.8072254104657173,0.061869002878665924
004766.npy,32.036185565977846,0.8945394372984246,0.06288284808397293
000058.npy,19.82989021989387,0.49233510842724704,0.26675131916999817
000095.npy,24.343967048573152,0.32624174294349084,0.2155887335538864
000113.npy,21.570228558456733,0.615908317130689,0.1678897589445114
000139.npy,21.757144199050238,0.45233478067199706,0.18180808424949646
000152.npy,21.215089090727876,0.6157419247699101,0.2053147405385971
000285.npy,20.31170399667112,0.46135580841543383,0.2400522381067276
000358.npy,23.037509979599406,0.5834247551357888,0.17874056100845337
000368.npy,20.917667913534444,0.3596197514255432,0.28623923659324646
000377.npy,23.47228716989257,0.6932093195696026,0.15298587083816528
000400.npy,19.739640443687488,0.2662324509272281,0.14867958426475525
000455.npy,25.421875546510336,0.41608759700437964,0.20660705864429474
000473.npy,20.655080917229114,0.36909175213901046,0.24810196459293365
000483.npy,22.98436034616148,0.40752341495735084,0.22446943819522858
000501.npy,21.9065612821165,0.6238496029593031,0.14233484864234924
000528.npy,24.461656894274096,0.570580405182695,0.1809169352054596
000533.npy,25.990013669185885,0.49100774248743057,0.12506519258022308
000624.npy,24.158797223973906,0.47118364286695374,0.1630592793226242
000646.npy,22.527690761415258,0.2890822479267651,0.16484282910823822
000666.npy,20.76978888193038,0.41888483908227064,0.21733415126800537
000675.npy,23.09662792007544,0.48362406644116634,0.19115789234638214
000688.npy,19.133710136095793,0.337570220182637,0.31982073187828064
000751.npy,22.26485863541003,0.5725047462468416,0.18956412374973297
000839.npy,22.827235438221173,0.32103774857427575,0.20721162855625153
000842.npy,24.085558526540932,0.35401871848859684,0.2317465841770172
001005.npy,24.174731770148732,0.4630149775854051,0.1596831977367401
001012.npy,21.950845327316188,0.40763253397241933,0.2938743829727173
001094.npy,21.33842286747317,0.4299167985813413,0.2817354202270508
001135.npy,21.899072775763514,0.4078718402844428,0.2424306422472
001139.npy,20.559110043030692,0.3952721744914502,0.24427157640457153
001184.npy,22.420928457072876,0.5940655731436126,0.2049705982208252
001189.npy,20.16065476885369,0.3863772998836351,0.25698450207710266
001217.npy,21.17327346582534,0.6586663038659114,0.17340941727161407
001296.npy,20.93231823824439,0.40574182936241665,0.24275636672973633
001297.npy,21.039654256968497,0.4526032788037549,0.19623883068561554
001329.npy,21.577829322031995,0.6223139013609672,0.16854247450828552
001379.npy,22.617685995950293,0.5950965776001885,0.17589084804058075
001444.npy,20.31866582668071,0.45305035274817745,0.22135800123214722
001482.npy,19.982304129418903,0.47386754577988177,0.23468399047851562
001488.npy,22.663991566628784,0.5805598659826238,0.24182651937007904
001570.npy,21.28389543898198,0.4197373815124654,0.22400012612342834
001634.npy,22.162880472652944,0.607742361339387,0.20519103109836578
001649.npy,26.71264439746909,0.4920630854712781,0.12654052674770355
001673.npy,22.90303982583168,0.32725190835132356,0.1837805062532425
001692.npy,22.764507904118556,0.6880960305762812,0.15375228226184845
001714.npy,21.409007717882762,0.3516861657002508,0.23526661098003387
001762.npy,20.61166229981119,0.611647117054237,0.16464222967624664
001778.npy,23.92760098196249,0.2970031708580423,0.17708754539489746
002049.npy,29.825296573745877,0.7201349822940044,0.09305015206336975
002159.npy,28.425497869854155,0.6170766567503512,0.16337950527668
002169.npy,26.47399857319573,0.6309798759322849,0.16991156339645386
002170.npy,27.07213439926567,0.6641017001086212,0.1481558382511139
002198.npy,21.747595775819466,0.42443134541456357,0.22390779852867126
002310.npy,20.714554825567845,0.39594355634804046,0.2522677779197693
002342.npy,28.786107495917786,0.5369520712056159,0.10793404281139374
002346.npy,22.290947440572978,0.3044272904511001,0.17407085001468658
002348.npy,24.445437497451245,0.34653224168134855,0.2095077484846115
002380.npy,31.11520516713156,0.758485386463128,0.13964617252349854
002433.npy,23.929042089030045,0.489198335040163,0.1719386875629425
002534.npy,21.59579988500955,0.31992189422840345,0.23005232214927673
002566.npy,23.36171463925506,0.40758942858189706,0.2182556688785553
002619.npy,23.199824891576085,0.7676177211054215,0.08835214376449585
002633.npy,23.448951249599247,0.5381809758711906,0.24875566363334656
002647.npy,20.762646338081584,0.3552867714954014,0.2449570894241333
002656.npy,21.72016702280933,0.3393538506185933,0.2581368684768677
002965.npy,27.020180558214577,0.8245429791041017,0.12898282706737518
003038.npy,20.49097455598689,0.2517661493395787,0.16545236110687256
003068.npy,28.935720637744822,0.7035616639977172,0.18057891726493835
003134.npy,30.858803525813265,0.6564077292453646,0.1807502657175064
003428.npy,23.447551369500168,0.3996349986095368,0.17615699768066406
003505.npy,22.48583094451731,0.5746960228881822,0.2093798667192459
003541.npy,22.101058383828878,0.32080830973461644,0.26421618461608887
003553.npy,25.16996879487655,0.7746629713510442,0.14733140170574188
003740.npy,20.96184956727007,0.5666218516082461,0.1830652952194214
003810.npy,23.460212817069497,0.3560026587584284,0.2644962668418884
004285.npy,20.552850601374306,0.33825774531431146,0.3098224699497223
004592.npy,19.840903824749393,0.3706077497282952,0.3274572193622589
004631.npy,20.361480747775197,0.47074174419160186,0.2339114546775818
004675.npy,21.78622481115984,0.4628359702371368,0.15939073264598846
000054.npy,23.06944590621065,0.5785013087546658,0.17190498113632202
000055.npy,23.447624299433315,0.5913062281286863,0.16794389486312866
000063.npy,20.569617508639887,0.6238308600779546,0.17326658964157104
000157.npy,23.2579838320688,0.6880695316287437,0.14756745100021362
000211.npy,18.430133795967187,0.523173476907696,0.22297263145446777
000216.npy,20.692697700871705,0.363011483804594,0.2330724149942398
000224.npy,25.61320758565071,0.5199091453509773,0.10835340619087219
000873.npy,17.611910263475874,0.3706925664932631,0.2759605646133423
000875.npy,17.437114095071678,0.350303682928246,0.3475531339645386
001042.npy,19.17378794800803,0.5610171599802733,0.13850486278533936
001049.npy,20.983267399500576,0.5487712443837053,0.2480718493461609
001095.npy,24.936347499451767,0.5173605557139141,0.15037404000759125
001097.npy,23.7842857642459,0.6099739685848449,0.16393162310123444
001159.npy,20.347152367160337,0.4440800103767363,0.26727908849716187
001200.npy,23.016392635628343,0.6817623744419119,0.16810080409049988
001306.npy,19.026009027016567,0.5600121579748881,0.24220865964889526
001507.npy,20.90883976959709,0.6320363851510444,0.17856205999851227
001626.npy,23.998398998149106,0.48019329570180713,0.17706483602523804
001804.npy,25.77553503787581,0.5732819545199164,0.1385044902563095
001830.npy,20.488409283615088,0.5023916717829455,0.2235749363899231
002151.npy,22.284530248662257,0.4198185934036129,0.22228246927261353
002279.npy,23.459223324720682,0.6430025445908774,0.15724290907382965
002390.npy,22.84421893735683,0.30290036498090045,0.30980589985847473
002411.npy,22.79362504269698,0.5074938287095412,0.18305474519729614
002443.npy,24.047352019693594,0.37591887919109407,0.20565445721149445
002465.npy,23.11322542186754,0.3047656135635008,0.30116063356399536
002557.npy,23.775283300846404,0.5826282027954839,0.16047923266887665
002587.npy,26.015381779256952,0.7209469518421623,0.13053977489471436
002588.npy,25.535230056228574,0.7018810908144097,0.14846862852573395
002608.npy,25.587418848023475,0.3046443639878016,0.24746963381767273
002626.npy,23.830814134256517,0.5451116889785446,0.1850915551185608
002669.npy,21.00080944950585,0.2502667805435648,0.2268531322479248
002711.npy,27.136635541442146,0.7133534743628055,0.17372512817382812
002834.npy,24.087331850323235,0.49358517137730146,0.2083624303340912
003205.npy,25.533616477895272,0.41713356723888545,0.3017542362213135
003206.npy,25.717971279925955,0.42608041282302805,0.2516861855983734
003616.npy,22.46585715842858,0.24049179588953942,0.22142907977104187
000046.npy,26.357040618702342,0.7037138151885272,0.09074511379003525
000302.npy,25.276712747193862,0.8206394176136256,0.0771951824426651
000613.npy,23.13977239196646,0.8281005594938249,0.12065121531486511
000715.npy,25.93459246579039,0.8228691849680208,0.13099147379398346
000734.npy,24.740654750734727,0.8161725581515133,0.0920047014951706
000999.npy,26.373724841544366,0.7580751046785116,0.08113124966621399
001854.npy,25.265217134524484,0.4185312987643343,0.16482403874397278
001950.npy,22.23275578475227,0.7131528141965838,0.1432870328426361
001982.npy,30.339136735366615,0.7648195580003262,0.08785835653543472
001990.npy,26.28642254643236,0.7287813422662839,0.10546477884054184
002143.npy,25.155303956949822,0.8309030236292034,0.16007667779922485
002144.npy,25.047787848262644,0.8388575246616751,0.11129207909107208
002161.npy,29.56282880195932,0.8100037416778058,0.06757131963968277
002163.npy,21.19145932212468,0.6638110004521608,0.14830616116523743
002174.npy,28.28618016185778,0.6262523859273196,0.06724408268928528
002400.npy,24.507758111329704,0.5431143920126819,0.1204538568854332
002675.npy,26.116519064297478,0.4758653106058836,0.18850493431091309
002733.npy,25.511214933836335,0.789670414329268,0.07750234007835388
002913.npy,23.93703257951978,0.5375646398913451,0.14404182136058807
002976.npy,24.762769455376507,0.6614250943083726,0.12617631256580353
003002.npy,24.991535447518032,0.6433683998151235,0.1549758017063141
003026.npy,22.397558547381117,0.6330788714515234,0.12658672034740448
003076.npy,26.66169786224073,0.8140921740811723,0.11864975094795227
003101.npy,29.148929026669524,0.813990827142179,0.11611431837081909
003103.npy,29.677809269855146,0.8680053394973875,0.08570356667041779
003126.npy,26.232107163709554,0.7781714827433973,0.19463390111923218
003127.npy,26.74394794184576,0.7696131452581342,0.12590345740318298
003307.npy,27.68691390258597,0.8294503465322703,0.08354063332080841
003326.npy,32.72004675759761,0.8490586220238209,0.0787968784570694
003391.npy,22.631511981365676,0.8250603351972197,0.12189878523349762
003443.npy,22.331461138030086,0.5273048727071044,0.1730426400899887
003474.npy,26.436808558596987,0.8763497757720761,0.06927686184644699
003477.npy,32.71840459814976,0.8744098526883125,0.0869913175702095
003562.npy,26.55062622243822,0.8682023010008335,0.09090694785118103
003564.npy,26.499848273874154,0.8733169827457908,0.08053089678287506
003658.npy,21.48440691405733,0.6838910305074528,0.1325506567955017
003734.npy,24.513333528271176,0.4826713764431075,0.1344483494758606
003770.npy,20.965745971125372,0.570490399724897,0.17841479182243347
003804.npy,28.15494656445893,0.8485833063010424,0.10980676114559174
003805.npy,28.718951341530698,0.828895665631786,0.11461396515369415
003824.npy,24.025535405673107,0.6867770606175754,0.15840578079223633
003835.npy,25.07249654227929,0.8095498490428552,0.136491060256958
003860.npy,24.58058270084798,0.7696827765011434,0.161200150847435
003890.npy,25.485517801279624,0.6743649485802166,0.14861702919006348
003941.npy,26.979416054023616,0.7641318772464719,0.13174642622470856
003965.npy,28.29460428237588,0.826841054262966,0.0981602668762207
004022.npy,22.70867919408985,0.6397842575876563,0.17951074242591858
004025.npy,25.17210003624811,0.6708791051174379,0.10871797800064087
004102.npy,24.218462675262437,0.7755542256426511,0.1266033798456192
004108.npy,27.298442742319388,0.8147662030331464,0.12378175556659698
004236.npy,26.91585023644382,0.8792168174853451,0.07193538546562195
004296.npy,30.852916225265517,0.8587831910491734,0.059834759682416916
004301.npy,29.987564251546313,0.8445348733764291,0.10601712763309479
004317.npy,28.817792702365853,0.8326005655095782,0.12438990920782089
004340.npy,32.54611643801081,0.8585948793058396,0.10996755212545395
004371.npy,24.553224931671473,0.8206548651697337,0.14884892106056213
004386.npy,24.38426338846796,0.8616245981590394,0.11068940162658691
004433.npy,26.46924215921505,0.8551812853543759,0.10831975936889648
004502.npy,25.506047707989122,0.8110065101525178,0.09588448703289032
004520.npy,24.650164766754653,0.8051640857439991,0.09744630008935928
004561.npy,24.696522964278333,0.8277369775882363,0.14383268356323242
004562.npy,23.959094334805616,0.8216687288187482,0.13734357059001923
004572.npy,27.49695171337259,0.8578807177993599,0.09302318096160889
004575.npy,32.52957095524547,0.8370522107460499,0.09283934533596039
004602.npy,32.82022320035027,0.8713660947203934,0.07616528868675232
004719.npy,23.521311727798135,0.7963150372333322,0.16040419042110443
004733.npy,31.359731854518778,0.822565608361721,0.081273652613163
004754.npy,30.89062642798725,0.7698657181247324,0.11927744001150131
001062.npy,13.154249396736512,0.35110881291406,0.170490562915802
001063.npy,14.279678095185076,0.34800035655206163,0.18560762703418732
000069.npy,20.699586165210192,0.4461687674783417,0.2161318063735962
000085.npy,20.17792062914907,0.554155790111681,0.22891783714294434
000177.npy,24.43741798262369,0.5201860336301495,0.20534682273864746
000226.npy,19.53354997960243,0.5636346330231478,0.19913434982299805
000372.npy,22.64417803786255,0.5000403942089933,0.21184022724628448
000373.npy,22.26666227983971,0.4693900998944028,0.21118929982185364
000415.npy,21.540863717851472,0.4380896255462202,0.2002248615026474
000728.npy,19.540119923750815,0.4636570419622278,0.28578099608421326
000777.npy,24.043785257387253,0.3401958024363522,0.249516099691391
000916.npy,19.3584843129015,0.46466446620689844,0.24386629462242126
000993.npy,20.312797196589123,0.31635387946256566,0.2610098719596863
000994.npy,21.1438380141289,0.36278695806518246,0.2367233783006668
001011.npy,22.37069669155605,0.41775853442024286,0.25352880358695984
001038.npy,18.5778048541634,0.4287397263117398,0.2945380210876465
001103.npy,23.215061319157314,0.49915011496897016,0.18508820235729218
001234.npy,18.57126110494455,0.49616049659482714,0.2987178564071655
001246.npy,24.555766932687018,0.40281494413356483,0.206051766872406
001261.npy,22.04248231018914,0.5726880920461407,0.18851685523986816
001287.npy,24.186722703096745,0.31528724426043847,0.1581384837627411
001516.npy,19.3241835296002,0.5778361082072724,0.16379842162132263
001517.npy,18.862175151753693,0.5614889371624985,0.15922237932682037
001600.npy,19.100083250514885,0.376108588002359,0.21693432331085205
001708.npy,22.7756150742756,0.5461833129000038,0.20431670546531677
001721.npy,22.142753628165586,0.2636220878939776,0.2296425700187683
001770.npy,22.41242806843772,0.5068900580984578,0.2081809937953949
002167.npy,20.890684046749985,0.34162433611275117,0.2741678059101105
002184.npy,25.622059758097045,0.6556458989890783,0.1583598256111145
002185.npy,25.987703883549436,0.6916325624313205,0.18776246905326843
002293.npy,21.56870210942863,0.4222525080626125,0.2510141432285309
002312.npy,22.42844554648037,0.38329746390623426,0.2146395593881607
002316.npy,26.710330032026597,0.6526319789581914,0.08958426862955093
002318.npy,26.19000101306272,0.6398098369111865,0.10710553824901581
002339.npy,22.190523930882584,0.4801636987139028,0.20558005571365356
002345.npy,21.98605357080232,0.36531111195164107,0.23246318101882935
002371.npy,22.592525678814134,0.3482736959501374,0.21348458528518677
002491.npy,24.264073088437513,0.43983897213504186,0.2595277428627014
002508.npy,30.542327827634786,0.6987753616769556,0.1217164397239685
002553.npy,23.77225442525087,0.5295422895639949,0.14793553948402405
002561.npy,23.243379802266205,0.32675362297336885,0.2312363088130951
002607.npy,22.706179327112412,0.2997223029650259,0.17534251511096954
002691.npy,21.112323417092924,0.3204064854266444,0.26565277576446533
002703.npy,20.11265055712144,0.27989833819722537,0.20135599374771118
002723.npy,22.90467995610212,0.40321942474190703,0.25850793719291687
003086.npy,19.4434053158568,0.44419560617461845,0.2978287935256958
003147.npy,22.510808600545573,0.5958643897350884,0.21239787340164185
004043.npy,29.542234668618477,0.8255483580791727,0.09566189348697662
004673.npy,23.690928256070805,0.6242291733537796,0.22146014869213104
004687.npy,18.785503709768584,0.29943892144477485,0.25210797786712646
000002.npy,19.436561967043623,0.5464764879662022,0.24157431721687317
000486.npy,17.661795362873693,0.4379344689953008,0.25552353262901306
000488.npy,17.973373022450282,0.4457472267896733,0.3126058876514435
000522.npy,20.15559929016138,0.6503137559694872,0.19583658874034882
000571.npy,21.4384693316144,0.6281289243552088,0.18353861570358276
000764.npy,19.23739130521011,0.48302603171462,0.21530303359031677
000808.npy,21.223488020378714,0.7322179227984325,0.17639924585819244
000846.npy,18.907479594773466,0.4813450918548722,0.33722251653671265
000955.npy,18.929168443512268,0.5688339786615586,0.19444900751113892
001050.npy,18.754226571003876,0.3794946592383683,0.2545251250267029
001149.npy,19.362542580646927,0.6720503762795962,0.19617168605327606
001192.npy,19.170512616063498,0.5332556240887232,0.20683375000953674
001232.npy,20.399242408102868,0.6798322731190659,0.19244933128356934
001285.npy,17.823329607006748,0.5080756328367191,0.28913307189941406
001417.npy,20.310798602882464,0.6132070670118388,0.20344747602939606
002638.npy,19.719273014995903,0.6701697201636284,0.1525130420923233
002715.npy,21.365523233323888,0.7427591358022689,0.14636892080307007
002718.npy,20.155354337229795,0.7341804907172658,0.11875607073307037
003018.npy,20.238632263190773,0.6764753750779978,0.16985473036766052
003019.npy,20.83572256410447,0.7038864194636159,0.15327751636505127
003154.npy,18.974225100332596,0.6036071026386931,0.1994536966085434
003184.npy,19.313220494135265,0.4672002908859774,0.28986138105392456
003185.npy,19.616165497190245,0.4807271647597812,0.2869129478931427
003210.npy,20.72903234469695,0.7123883013443705,0.13667090237140656
003252.npy,19.040185003965327,0.5000928474513525,0.28873568773269653
003309.npy,19.357823261193523,0.4859680030317195,0.2764883041381836
003322.npy,20.34155832127159,0.6946014226369467,0.16445809602737427
003323.npy,19.31055901027174,0.6807491063122787,0.15889118611812592
003340.npy,20.205111979142735,0.5252763345471975,0.20851173996925354
003539.npy,21.66332773962346,0.6912771548479796,0.14484244585037231
003638.npy,23.256513060655873,0.8486663714176417,0.11045339703559875
003702.npy,21.825745296906653,0.7400396100581587,0.15910081565380096
003825.npy,20.583088987396504,0.725785261453785,0.14033223688602448
004016.npy,19.92338406143321,0.7295952400116273,0.1586049348115921
004142.npy,18.025768744261125,0.5431503076331288,0.19599972665309906
004161.npy,21.19834943221512,0.7301865581456423,0.14733727276325226
004206.npy,19.42783249875538,0.594185313154079,0.1817445158958435
004343.npy,19.07267678912102,0.6434691225430137,0.1534513682126999
004559.npy,20.062493413449435,0.7641569012863636,0.14164423942565918
004743.npy,19.537413186838762,0.40314438288512544,0.2247680425643921
004776.npy,19.75251902962414,0.6764360587035716,0.19042439758777618
000230.npy,26.265303949513612,0.47277969378124923,0.15623554587364197
001501.npy,21.767518768038908,0.5610567688144532,0.16020512580871582
001881.npy,23.326135253561283,0.3086880660153657,0.18139538168907166
001887.npy,28.084562620124128,0.8750175360412146,0.05126839503645897
001983.npy,26.575774564889286,0.5025505838412344,0.07494471967220306
002069.npy,31.243725469471055,0.7345749944861084,0.19506898522377014
002139.npy,22.78119271777774,0.40935422759975587,0.24477902054786682
002313.npy,25.971128578123484,0.6846001921985895,0.06181735545396805
002756.npy,22.646489012365905,0.6176854011446535,0.10934263467788696
002773.npy,23.53301042967694,0.5422366189045864,0.15162096917629242
002970.npy,23.920286604680243,0.4300356743323703,0.2197495996952057
002972.npy,23.078113630060685,0.4600325008573812,0.2190752625465393
002989.npy,23.809195887332244,0.5129336332223192,0.13764894008636475
003129.npy,27.24349151886325,0.8484113281408846,0.10033201426267624
003179.npy,28.000237218258647,0.6523469336924068,0.15703853964805603
003494.npy,24.703153523052134,0.5174512877330371,0.12766167521476746
003559.npy,24.66700485328541,0.5722044829484886,0.12388831377029419
003621.npy,30.557824631207268,0.7864938917309642,0.10893191397190094
003622.npy,31.280212031548924,0.785799081759572,0.09494318813085556
003700.npy,29.40682340717842,0.5989445278866589,0.14780476689338684
003788.npy,23.275418357539284,0.7644273830631524,0.122576504945755
004121.npy,24.49786080412555,0.5507453866909486,0.23720258474349976
004264.npy,30.40619297874099,0.829071762834128,0.11381583660840988
004322.npy,23.82051442726044,0.5278775654018597,0.1304064244031906
004332.npy,26.719805980692662,0.8577047674226016,0.07560170441865921
004390.npy,21.040707742455062,0.3753881488062758,0.2574940323829651
004446.npy,22.985407728875387,0.6551194914688925,0.1574368178844452
000025.npy,24.962462598459993,0.7299739519733978,0.12425556778907776
000223.npy,24.71444408360556,0.762765895221536,0.12268847227096558
000265.npy,22.33453550314515,0.7062663525999486,0.12256526201963425
000316.npy,23.501887740763156,0.7404647554569417,0.127849742770195
000435.npy,27.542886146307836,0.7814775292363911,0.10848623514175415
000583.npy,24.228898550965546,0.7812019136505186,0.1093907281756401
000639.npy,22.91735738533317,0.5952595303488162,0.21558962762355804
000818.npy,18.209300136744226,0.6307777056901864,0.18574142456054688
000919.npy,23.987308374644194,0.7790475858090827,0.10765372961759567
000937.npy,24.605303232624852,0.7522692597156484,0.1094694435596466
001214.npy,25.893117237201004,0.7488599352907613,0.08244886994361877
001690.npy,21.81239701468506,0.7715748803700582,0.138696551322937
001923.npy,22.552941281382694,0.8013187071280162,0.14179980754852295
001947.npy,26.476267980515573,0.5708395559993983,0.14031702280044556
001949.npy,26.595843314194024,0.5905176743702554,0.13584141433238983
002200.npy,24.67320376776796,0.755854424811394,0.10409753024578094
002207.npy,17.7890489734089,0.3988951003899445,0.22413776814937592
002386.npy,21.870492749580222,0.6489784821999999,0.13331620395183563
002422.npy,21.883946523407694,0.7539970101287113,0.12979848682880402
002537.npy,24.990128316661668,0.582023366807119,0.1590680181980133
002579.npy,22.546966827185333,0.7777814541106383,0.11930381506681442
002705.npy,19.02097894039127,0.3076111138613109,0.2219194620847702
002737.npy,20.681684746476087,0.6305171012159327,0.14002439379692078
002870.npy,22.842145144172648,0.6534483496983979,0.07301539927721024
002880.npy,25.571351277977588,0.5749641124127172,0.25359928607940674
002908.npy,20.761062287749496,0.6401331564442115,0.11565613746643066
002948.npy,19.93675882403101,0.6588577721095532,0.08455891907215118
003062.npy,17.775492778101004,0.7062371715405219,0.08993407338857651
003137.npy,21.720122309900354,0.7991013556677923,0.11658911406993866
003249.npy,19.249080933133186,0.60049954271039,0.15310649573802948
003251.npy,22.491912006680607,0.7031214496423583,0.13659332692623138
003260.npy,23.754764078229353,0.5291909803271116,0.13187181949615479
003380.npy,23.677773988384804,0.7498480353396078,0.15915405750274658
003433.npy,19.943283225014007,0.6279048092154379,0.1956005096435547
003807.npy,23.554772824162846,0.7647001969505353,0.09096405655145645
003808.npy,23.289350343677278,0.7445653344046963,0.12410087138414383
004154.npy,21.31448830031147,0.4177173216892853,0.23279748857021332
004179.npy,28.464915258602336,0.8188649804911613,0.08685687929391861
004196.npy,20.598618425853683,0.7722555492497803,0.13394340872764587
004324.npy,20.027914230634636,0.6977267241711309,0.1659546196460724
004421.npy,24.30588725875132,0.6600928618539246,0.18965446949005127
004546.npy,25.191140992784348,0.8397645088021779,0.081571564078331
004615.npy,24.3848338980699,0.8211255978853218,0.13344034552574158
004616.npy,23.65837133664254,0.7361889544413528,0.16922612488269806
004644.npy,21.840387608964384,0.49069038460307496,0.25913721323013306
004698.npy,23.25436854562847,0.5419920464099045,0.31058385968208313
000080.npy,19.025682218598906,0.569024335060196,0.1875675618648529
000084.npy,18.896789590076203,0.6601126172594256,0.17793604731559753
000160.npy,21.152663508533397,0.7379717447558344,0.1507350355386734
000297.npy,18.394858090862837,0.6112904852492642,0.19318708777427673
000697.npy,21.779748551719436,0.8215633601119432,0.15068882703781128
000863.npy,22.211817661569352,0.7902625468667671,0.11921022087335587
000899.npy,18.784734315024668,0.504199995929624,0.1721973419189453
000927.npy,18.960168980840933,0.5717468050232616,0.1989637017250061
000946.npy,19.55447469655775,0.6559871570298876,0.17112022638320923
001546.npy,21.624013317326668,0.7496968064405374,0.12333626300096512
001547.npy,22.27909229913174,0.8060572987584248,0.10376796126365662
001596.npy,19.090990938915773,0.7112930263281166,0.1772138774394989
001839.npy,19.88035468325583,0.5878564787504436,0.19249458611011505
002471.npy,22.10991713656949,0.8341250024193563,0.110540971159935
002650.npy,17.278192191228754,0.35620954678906386,0.2129029482603073
002785.npy,18.24235260198351,0.6718563333097534,0.1543639898300171
002822.npy,19.104126790421006,0.6514673182639019,0.11311626434326172
002847.npy,18.412352892872036,0.6499587677101183,0.1438676416873932
002863.npy,17.88496337771899,0.5873852419168922,0.2019219696521759
002922.npy,21.40463731829534,0.6553712922738832,0.07523219287395477
003012.npy,17.868706897783806,0.6578786740776132,0.10217423737049103
003043.npy,21.792826756354362,0.6799908869299585,0.08718960732221603
003044.npy,21.53229509935745,0.7078825830660022,0.08936324715614319
003364.npy,15.150586288098754,0.6656520362572502,0.16709451377391815
003365.npy,14.5867329352122,0.6395911440669163,0.16034533083438873
003373.npy,20.157127718654763,0.7001272893750845,0.1644708812236786
003377.npy,20.289737408070142,0.7373885872487426,0.14391884207725525
003423.npy,20.355862697027813,0.6905990192391356,0.16552506387233734
003444.npy,19.305064880205943,0.6549917723114825,0.16769425570964813
003480.npy,14.375608317379594,0.6097810908908013,0.16237112879753113
003484.npy,20.859953389554033,0.7237290742932074,0.1542942076921463
003497.npy,17.89553764739662,0.6229611421988066,0.19446703791618347
003818.npy,21.745415873149938,0.7348880449643945,0.1277543008327484
003871.npy,21.15788871882718,0.7128703518100931,0.16977283358573914
003973.npy,21.254975568433142,0.5848622584214406,0.26246076822280884
004003.npy,18.164392612618386,0.6758484101066813,0.18457478284835815
004012.npy,18.579654955758013,0.5753841012229556,0.23653718829154968
004147.npy,20.53117881125971,0.7016876990754157,0.16437332332134247
004148.npy,20.956280038571265,0.7212254838044122,0.15983612835407257
004183.npy,20.06159699822447,0.6919676527399337,0.15701715648174286
004276.npy,20.5454784466449,0.7881776380175948,0.15213322639465332
004281.npy,17.134651993057815,0.45515056078609584,0.21220172941684723
004460.npy,18.10661945200067,0.46738263592931256,0.2548043727874756
004656.npy,18.078535052282792,0.534264053557924,0.1885317862033844
004657.npy,17.165683815744778,0.4617058889615685,0.31552234292030334
004703.npy,20.59509257274999,0.8306181552538018,0.14102089405059814
000740.npy,30.212247551277297,0.8754310577974618,0.09285800904035568
001076.npy,27.386838697130415,0.7635882243711949,0.09787450730800629
001677.npy,26.731565478505814,0.6029868150316998,0.11751654744148254
001867.npy,29.054761662093167,0.6733234381163716,0.12229321151971817
001984.npy,28.920288539440374,0.5619618768919706,0.11978769302368164
002026.npy,30.34262187979003,0.8500197151312828,0.10997240990400314
002076.npy,34.01534877225158,0.8976247802138329,0.07419231534004211
002097.npy,29.215379278937302,0.7321974876196384,0.18725067377090454
002187.npy,28.8827036788545,0.568245083701849,0.14093764126300812
002761.npy,23.917205337856053,0.7790547797928378,0.12547877430915833
002768.npy,24.65127840035155,0.7973664048826136,0.09338567405939102
002859.npy,28.130564264703448,0.5724360506727696,0.14655111730098724
002937.npy,23.629992314826058,0.7812916843780875,0.09980516135692596
003361.npy,32.379201367890566,0.8869021069769859,0.09245909005403519
003503.npy,38.768004858768165,0.9667528234958946,0.04533635079860687
003768.npy,25.763832090818116,0.6729256209099889,0.2728772759437561
003957.npy,30.79235130918937,0.8338626430802047,0.15354061126708984
004498.npy,27.030818334327137,0.6633685844218508,0.15276311337947845
004764.npy,27.977566694272376,0.8110068522255123,0.12408274412155151
000640.npy,22.732710473126147,0.3165736820757035,0.40551313757896423
000877.npy,29.14582252594588,0.7137941870795935,0.19735266268253326
003717.npy,24.992382957603972,0.7999435259084324,0.12939320504665375
002066.npy,27.204713962709228,0.822287015749123,0.07415144145488739
002067.npy,28.818564464742572,0.7203102812721431,0.19757436215877533
002106.npy,24.813288544657844,0.4227829059810266,0.15716220438480377
002739.npy,25.34484128224902,0.6070404735459417,0.14495448768138885
002933.npy,26.29475398708785,0.6173723265474667,0.10475917905569077
003222.npy,33.70707206825395,0.8662250591278076,0.06317645311355591
003262.npy,30.56726133234382,0.8301917594150304,0.08300171047449112
003264.npy,32.393338305173984,0.8295383953585624,0.12987244129180908
003265.npy,32.77221626709942,0.8450809140517712,0.10528676956892014
003267.npy,29.69668202609791,0.7208198907024861,0.1444309949874878
003623.npy,31.176803584781073,0.7976862103154659,0.09315337985754013
003787.npy,24.93742250452339,0.6458485574114993,0.16949093341827393
003849.npy,29.31892165714681,0.8317194385514036,0.09754033386707306
003911.npy,26.843938119414396,0.7725913544366518,0.21181157231330872
004320.npy,24.9766208969763,0.5459673290782971,0.10378067940473557
004531.npy,27.240282517755837,0.5057686706662267,0.22618171572685242
000322.npy,18.92229837376703,0.45669839847766236,0.2758769690990448
000559.npy,21.33288144091457,0.44217624427093005,0.28495728969573975
000572.npy,24.625061942214703,0.5534405670523308,0.18198491632938385
001207.npy,22.879386585053165,0.7126385027501546,0.11371727287769318
001340.npy,23.508690436130664,0.7395756809622049,0.12354852259159088
001521.npy,20.200057488741614,0.6214302562043182,0.20284311473369598
001522.npy,20.83354815070118,0.5856140265851468,0.20881709456443787
002573.npy,20.88983944317917,0.3324699036079834,0.16766317188739777
003083.npy,22.918432680821713,0.737397335648879,0.13608314096927643
003162.npy,22.834626215344972,0.6777066306187213,0.14948061108589172
003843.npy,18.875975873670733,0.6566660187627971,0.16829879581928253
003856.npy,20.529852047224097,0.6064859732655883,0.14793378114700317
004642.npy,22.2585425961502,0.45064180806826615,0.23115174472332
004755.npy,23.087972556999713,0.653121144174993,0.18311242759227753
001964.npy,31.30825212952405,0.800223282728821,0.06945761293172836
002796.npy,23.367373237797594,0.6633632827282101,0.13117913901805878
002835.npy,22.972753036733632,0.6907257047826878,0.14472874999046326
002971.npy,24.114497334594013,0.48895210390772975,0.17316794395446777
003088.npy,30.583202883188925,0.8451106036221981,0.0894637182354927
003857.npy,19.654649180971834,0.5679676141888182,0.1815861463546753
004063.npy,22.834491753719796,0.4374203338574161,0.31639158725738525
004501.npy,25.036851586800477,0.7777901408703272,0.13609302043914795
004577.npy,32.47037962662766,0.8482959542860985,0.07560568302869797
004597.npy,25.490801991012084,0.7320163395517543,0.14256569743156433
004654.npy,27.414847040643746,0.8212900056782094,0.0999298021197319
004690.npy,30.04737128171554,0.8278042755952776,0.0944979339838028
004727.npy,31.15420549001412,0.8512105406229497,0.0870562344789505
004752.npy,32.01709910107096,0.8130512931685447,0.07586200535297394
004756.npy,19.410620260452653,0.6026396747859866,0.2373291254043579
