file,cluster,psnr,ssim,lpips,composite
000015.npy,0,24.33285083219927,0.6399010549525339,0.16902178525924683,0.6976897750577461
000030.npy,0,23.27618269661775,0.5899097696541995,0.22336335480213165,0.6394306426533058
000088.npy,0,22.038288131428246,0.5509942542837262,0.2357596457004547,0.5948179391150514
000093.npy,0,22.534043472554117,0.3482072554216194,0.21510346233844757,0.5451244526400376
000167.npy,0,22.17824580498233,0.6311400419797227,0.18265357613563538,0.6423453953920808
000194.npy,0,21.212752810442925,0.2702865000376315,0.17997191846370697,0.5014993674233731
000215.npy,0,20.62979875205473,0.4244120226021917,0.23745611310005188,0.5207586087685961
000295.npy,0,24.280363136825382,0.5644068877874278,0.2389567792415619,0.6480469947780748
000318.npy,0,22.41159045625322,0.6056266319106203,0.21879225969314575,0.6269801342114518
000319.npy,0,22.675809741671188,0.6176233219465916,0.19941963255405426,0.643308112945761
000347.npy,0,19.87066475682815,0.4109556150973141,0.22187983989715576,0.5045955863295671
000366.npy,0,23.900127754679605,0.43381199557427536,0.21890297532081604,0.6027502901884776
000371.npy,0,24.721305192851265,0.43917400608760493,0.2828868627548218,0.601458052063178
000388.npy,0,22.805900225308967,0.4627066806010871,0.19449979066848755,0.5962000794288436
000424.npy,0,19.823726820607554,0.43883173129951253,0.21400873363018036,0.5154682619032785
000432.npy,0,22.744096137535827,0.558036797882657,0.19699282944202423,0.6257723480921182
000439.npy,0,23.331881014022954,0.35235415853784235,0.21821531653404236,0.5631991920906656
000520.npy,0,23.018188490971866,0.5173841825313482,0.2162281721830368,0.6119006365821452
000562.npy,0,23.285712103148203,0.5674297376803328,0.2887548804283142,0.6103518880428551
000596.npy,0,22.108163165779406,0.5144351508618789,0.2629925012588501,0.5751067313294408
000630.npy,0,21.656571174831065,0.5256847443692843,0.21064519882202148,0.5862703190675557
000653.npy,0,20.77278549239039,0.42109453141880604,0.21228095889091492,0.5312219795624168
000743.npy,0,20.77021817613047,0.4661889143462032,0.2039206475019455,0.548983159528763
000813.npy,0,23.795065701879025,0.5583998139651916,0.1883203089237213,0.6521390728333573
000819.npy,0,25.365776530780508,0.41799724650134146,0.15437668561935425,0.6515574432002291
000889.npy,0,23.34449982295425,0.6022383068961059,0.16844598948955536,0.6633641018678336
001014.npy,0,20.308298907320488,0.5510932815516246,0.1683257818222046,0.578884697850262
001100.npy,0,20.459994355733556,0.41161019216114425,0.2202981561422348,0.5184372199114933
001119.npy,0,25.834685692067183,0.46654200348334385,0.15011847019195557,0.6795786375875112
001122.npy,0,21.818026721136906,0.4917352873446331,0.20883570611476898,0.5791448986574415
001132.npy,0,22.409509529044648,0.2780943334934972,0.17187924683094025,0.5333941295329556
001199.npy,0,22.614072249056942,0.6400690605898331,0.15755660831928253,0.6633724229581155
001221.npy,0,21.07148388313041,0.42468453879589985,0.22947025299072266,0.5333266260046237
001272.npy,0,22.484882633458476,0.5404790124691995,0.2095714956521988,0.6099665641269663
001316.npy,0,23.597697862254638,0.6069311570035256,0.16932228207588196,0.6702629108037621
001342.npy,0,22.543833840325004,0.5869225842764676,0.23987720906734467,0.6166558770769299
001361.npy,0,23.36310566056728,0.4194088442522334,0.21522055566310883,0.5872428886534256
001409.npy,0,21.073290255877207,0.5794242410630789,0.1998755782842636,0.5948115599457653
001415.npy,0,24.506604359669943,0.4118328272863436,0.4207989275455475,0.5416025079062641
001436.npy,0,24.559313160792286,0.3375637259875475,0.16335001587867737,0.6038337513872297
001590.npy,0,23.204775589860432,0.6010264950890541,0.16681277751922607,0.6603995856312856
001592.npy,0,22.18216042883514,0.6042762914473421,0.17610427737236023,0.6356609031102192
001664.npy,0,20.96648053845428,0.25234741508482395,0.1828174889087677,0.4890984318021139
001666.npy,0,22.290282455151797,0.703380191265583,0.15930964052677155,0.6766964603607548
001672.npy,0,21.133201800049015,0.31344262893086683,0.22242172062397003,0.49996700943672145
001727.npy,0,23.57612201327152,0.5433660889556741,0.1825760304927826,0.6441771753381087
001733.npy,0,20.463466595464467,0.3151875020035543,0.1991831362247467,0.4934118240477018
001747.npy,0,21.707658154604026,0.5086379410913586,0.17488783597946167,0.593642438472944
001754.npy,0,22.130420132904305,0.5440322676303293,0.12963274121284485,0.6299202895370349
001793.npy,0,23.30013804394948,0.5874202554106005,0.19801875948905945,0.6475813440616132
001825.npy,0,21.663322814412783,0.6081610320152887,0.19266292452812195,0.6199065428160062
001835.npy,0,20.86949391352451,0.45172148219367886,0.20296108722686768,0.5466866630672594
001891.npy,0,29.036167613530594,0.7085957795445686,0.2705203890800476,0.791273299344409
001992.npy,0,28.63932905303539,0.7287906770656108,0.13523976504802704,0.8342798385177588
002203.npy,0,27.26588524253068,0.764615617251113,0.17105431854724884,0.8037623271797476
002230.npy,0,25.057565575872097,0.4468137832646166,0.20720908045768738,0.6367030248439118
002241.npy,0,25.942619979424943,0.6990757595500946,0.25125831365585327,0.7257751481741903
002243.npy,0,25.942668691217627,0.6749859848587662,0.2525995075702667,0.7172992411232249
002253.npy,0,24.76696727802128,0.6753796188632818,0.2730514109134674,0.6844864532726332
002284.npy,0,19.47211638898915,0.3250408043612351,0.2553532123565674,0.45594289486798145
002308.npy,0,22.387108469500863,0.7122295075157657,0.16979554295539856,0.6783026208423637
002419.npy,0,26.462662758914473,0.6320308852349036,0.28551530838012695,0.7035643647052472
002435.npy,0,23.953285412818452,0.46089173316627335,0.1696362942457199,0.6293803777028166
002478.npy,0,25.626223301728853,0.6379773938662038,0.292579710483551,0.6846041900548587
002575.npy,0,23.647677110059284,0.41552555812952996,0.23034125566482544,0.5872320366006634
002603.npy,0,22.12539455622484,0.6637000687141587,0.1995561569929123,0.6463900718231896
002673.npy,0,22.653189088656177,0.3333583929769341,0.17154201865196228,0.5573429934117945
003220.npy,0,19.76508452205626,0.48419629260134184,0.25722384452819824,0.5148815831811869
003528.npy,0,20.891855054913428,0.336594850999424,0.23805254697799683,0.4971108803385519
003597.npy,0,25.526886182354097,0.7424999329965785,0.1771480143070221,0.7557147769488319
003739.npy,0,22.065486090708927,0.6325071431295797,0.17093035578727722,0.644203064463188
003879.npy,0,22.472235707073878,0.4948545571564855,0.26089245080947876,0.5773703844950884
004020.npy,0,21.743609004178968,0.6111610363323688,0.2195514589548111,0.6137278369964962
004413.npy,0,24.079363069460417,0.7080363283566665,0.18041637539863586,0.7109702747517972
004684.npy,0,21.736939737026567,0.5002479582390552,0.2634243965148926,0.5619842925086446
000156.npy,1,24.35019270922235,0.7299679971497557,0.11937951296567917,0.7446448882662999
000198.npy,1,26.59286166815373,0.7085991179100937,0.222275972366333,0.7530601966957808
000508.npy,1,22.022145664892406,0.6767815299800322,0.12921838462352753,0.671902063227555
000670.npy,1,22.77091047956114,0.7966889668575576,0.1232171282172203,0.7305108457592489
000711.npy,1,21.225657998534455,0.5824013392838073,0.20028793811798096,0.5990524225782634
000803.npy,1,25.345677854665453,0.7578471305309534,0.14243613183498383,0.7683742852245554
000920.npy,1,23.94358843197228,0.8421559190609976,0.07801041752099991,0.7867949101127165
000991.npy,1,23.369785729232113,0.7523274062600153,0.12185738980770111,0.729485243911485
001035.npy,1,24.323894668360975,0.7596619027998445,0.08940199017524719,0.7639509635051096
001054.npy,1,24.015473535479902,0.7165524805143058,0.15479400753974915,0.7209300140021834
001239.npy,1,23.16064716179507,0.41746864384422994,0.18503613770008087,0.59215855008794
001356.npy,1,20.342583209332442,0.5193886473418926,0.23122160136699677,0.5481130866434639
001447.npy,1,25.251146054409155,0.4103981585012078,0.14841994643211365,0.6484626496765682
001461.npy,1,25.132227780801987,0.6472408143905177,0.1446579098701477,0.7260215855246119
001959.npy,1,26.28444097291505,0.6894207446404659,0.14089402556419373,0.7669409279790917
002040.npy,1,25.348403595959805,0.4979890846650738,0.25161418318748474,0.645422824847192
002282.npy,1,26.538983553405732,0.7747520105851888,0.0936921238899231,0.8167751523074381
002434.npy,1,23.615174904878472,0.5346702960633761,0.14700947701931,0.6540019375675437
002621.npy,1,22.513382512347746,0.7572390316007417,0.12417390197515488,0.7113190990384788
002745.npy,1,24.881732044409176,0.5955933324915609,0.1022857055068016,0.7173632544262347
002769.npy,1,23.1328574712774,0.5072106913385871,0.14158613979816437,0.6359383498751943
002771.npy,1,23.67379542582085,0.5462575955677186,0.15699699521064758,0.6558378762483759
002778.npy,1,25.288040080027294,0.6510110571734703,0.111354298889637,0.7418420323174397
002800.npy,1,22.318925114592357,0.5210867759297894,0.1537344753742218,0.6184268805094637
002855.npy,1,23.3255288483938,0.380716298580741,0.226252019405365,0.5698331785783208
002858.npy,1,27.100527591989994,0.43665551306397093,0.2783486545085907,0.65500289934046
003031.npy,1,24.053661309304356,0.6141012636427404,0.2375851571559906,0.6600311757023467
003092.npy,1,21.702019598229665,0.6137021718941177,0.25940972566604614,0.6003645842589053
003226.npy,1,21.94218808416175,0.5381056202335804,0.27441462874412537,0.5755011768111905
003426.npy,1,22.564385807046147,0.3373813330888917,0.15390335023403168,0.5625901233304231
003459.npy,1,23.923973889251172,0.7585404904177212,0.10712666809558868,0.7487818049796258
003517.npy,1,30.298467712520512,0.8212566606027633,0.11884517967700958,0.9008038269752511
003558.npy,1,25.45247697424836,0.5440252613165751,0.16685807704925537,0.6913329941835145
003568.npy,1,24.964337994015477,0.8045541711918577,0.14590245485305786,0.7743136386466104
003711.npy,1,24.303759511543042,0.7851851392145371,0.13928848505020142,0.7553824294224016
003712.npy,1,22.29739666360622,0.7443258639295176,0.1495588719844818,0.6937533676173724
003780.npy,1,26.872334313523353,0.7190167039496899,0.13332471251487732,0.7923936485565676
003820.npy,1,21.71756219753363,0.7614976165396727,0.14638134837150574,0.6876512493345808
003830.npy,1,23.9596392207363,0.6050804666515645,0.16633109748363495,0.6786862168501164
003926.npy,1,24.671689106560272,0.7430986321425536,0.3284553289413452,0.6864741923239643
003987.npy,1,21.158533932926524,0.7210740200744494,0.1712624728679657,0.6534601586894173
003989.npy,1,22.043513260000207,0.7176817946436703,0.17603421211242676,0.6704050443993079
004018.npy,1,25.185729176581063,0.7398891655340236,0.13371795415878296,0.7617399410491038
004024.npy,1,22.72848329120113,0.6504282274243196,0.1970798522233963,0.6561935315381107
004143.npy,1,21.875606741106242,0.46271379000260004,0.23253998160362244,0.5628491970464646
004152.npy,1,21.036292209544094,0.42139616526019863,0.28060397505760193,0.5144038902796232
004158.npy,1,24.73928710505931,0.8024703339183973,0.10071385651826859,0.7836807614680276
004213.npy,1,23.491820199426392,0.7518045500773387,0.13421310484409332,0.7279042639538905
004319.npy,1,27.14643652459916,0.7858829698695755,0.16455641388893127,0.8103629969846405
004408.npy,1,24.823717191794962,0.7779931898989734,0.14302939176559448,0.7632927591954588
004440.npy,1,26.091433991492163,0.6525211502313488,0.14139659702777863,0.7501844953232382
004468.npy,1,22.25393932176233,0.5906203693327932,0.1510290503501892,0.6410624245889197
004505.npy,1,26.45753020728357,0.822723092609005,0.14895689487457275,0.8125338482955566
004514.npy,1,26.035727985934876,0.8627511450605094,0.17964844405651093,0.8062726333554411
004623.npy,1,25.431899453246622,0.747624761787835,0.09104009717702866,0.784014876053527
000008.npy,2,24.220859382803038,0.6405301240714366,0.1910395473241806,0.6880715118669306
000092.npy,2,20.451017532514232,0.32686812719815267,0.22900232672691345,0.4870889897685071
000102.npy,2,23.322081289010267,0.5838925494726152,0.1844819039106369,0.6514053549431098
000134.npy,2,23.539489259952795,0.6248495052486644,0.18942919373512268,0.6682398651701316
000231.npy,2,27.32254446123472,0.560266180416584,0.11446288973093033,0.7557687515893228
000346.npy,2,20.064195553967892,0.3955749874906605,0.23755291104316711,0.49854503779289533
000349.npy,2,22.728140713291882,0.5556291635467401,0.19464710354804993,0.6253971469616051
000450.npy,2,22.313236286318052,0.7448952586639765,0.1321917027235031,0.7000842138983367
000478.npy,2,23.380895203262888,0.5907970705538257,0.17246240377426147,0.6590203378879189
000506.npy,2,22.002679747428715,0.5423742619676413,0.22516952455043793,0.5946833513041503
000518.npy,2,22.753764408203146,0.571740312954776,0.2071356475353241,0.6271740975443316
000649.npy,2,21.48360631887911,0.5080557926190455,0.25117895007133484,0.5630390879354394
000690.npy,2,24.696221379781228,0.45138678935884685,0.13067299127578735,0.6557095189117138
000772.npy,2,19.02670728081483,0.46127637778311037,0.19041761755943298,0.5131019707593331
000800.npy,2,20.373143989110368,0.35966584275391095,0.20075570046901703,0.5057065805196395
000880.npy,2,20.76080532784937,0.5914553414518959,0.2315274178981781,0.5813272040256696
000933.npy,2,24.37546640922185,0.6291152942562541,0.13952335715293884,0.7048743436838129
000980.npy,2,25.55379343583468,0.6948626480543464,0.24174892902374268,0.7188999826954163
001105.npy,2,24.5962711084538,0.6480188236703053,0.1247914731502533,0.7209929192501017
001107.npy,2,22.210555410690993,0.5370185238540377,0.208343043923378,0.6031263913255753
001114.npy,2,23.565363069301192,0.522030376944906,0.1859777867794037,0.6356922649285272
001127.npy,2,22.847538408088162,0.5505591915108189,0.21252329647541046,0.620401707413762
001236.npy,2,22.94331529724606,0.4679599335702211,0.34646105766296387,0.5503510763523315
001391.npy,2,22.404203022496866,0.49331564387000354,0.2517181634902954,0.5784036717376109
001401.npy,2,20.38763357360324,0.46419016923593015,0.24293550848960876,0.5268100774399569
001402.npy,2,20.00027347432583,0.340493747659215,0.22858187556266785,0.4817544790172008
001560.npy,2,22.095447350828074,0.5785244989231884,0.2184637486934662,0.6110301912060868
001561.npy,2,23.91048452275556,0.6034565366161186,0.21202689409255981,0.661820648013532
001888.npy,2,26.73034330180425,0.8174347488212511,0.08967014402151108,0.8365958305288966
001901.npy,2,24.238442484259764,0.7114539124889542,0.1557283103466034,0.7238739225865561
001914.npy,2,22.76367391245367,0.751509453820711,0.24640339612960815,0.6742281061737825
002628.npy,2,28.978019301420446,0.7737728199433814,0.18367354571819305,0.8406557425510727
000538.npy,3,23.083536610577244,0.7431626701475903,0.1510830521583557,0.710327352898128
001056.npy,3,26.760147010536784,0.6060346147642471,0.19693662226200104,0.7310359310682327
002110.npy,3,25.60505148652495,0.7599442748106299,0.09041070938110352,0.7921789992881743
002112.npy,3,25.701833543613102,0.4224297303103991,0.16720138490200043,0.6562279716608684
002257.npy,3,23.929354129278,0.34668113593389466,0.24998679757118225,0.5639948712159708
002712.npy,3,29.151932787097262,0.792539753073642,0.15377618372440338,0.8607419183852407
002898.npy,3,23.87527681932033,0.7704948080667484,0.12692175805568695,0.7450860570996944
002910.npy,3,28.27488594500729,0.7640628217963409,0.14260272681713104,0.8354841637710098
002982.npy,3,22.713884298949246,0.5580018610879192,0.19883620738983154,0.6244748689871236
003000.npy,3,25.580157796337208,0.6309248090383885,0.16580548882484436,0.7234877244342304
003004.npy,3,22.803998037152823,0.638139171985481,0.19289910793304443,0.6551688666208748
003070.npy,3,26.718986353943137,0.5398899665805106,0.12864291667938232,0.7308376022768902
003803.npy,3,25.417367292177275,0.7657906110796034,0.17547167837619781,0.7616033618384079
004200.npy,3,29.79857014121304,0.8539772582914904,0.10652013123035431,0.9113428232695573
004244.npy,3,21.790590330425374,0.7345910516620604,0.15566915273666382,0.6772093069845849
004349.npy,3,29.855387835584864,0.8222720931834877,0.12825345993041992,0.8947926074306862
004451.npy,3,28.014223008666598,0.7567708662997926,0.22439071536064148,0.7999983393945302
004523.npy,3,27.91706017613469,0.7094833775963187,0.19590462744235992,0.7915720317432016
004540.npy,3,23.6936878316564,0.7324019365254417,0.19019877910614014,0.7072607820654649
004713.npy,3,23.51744937176134,0.3013115637610219,0.18521493673324585,0.5613088617150662
000445.npy,4,23.805292982000616,0.2973009421869818,0.3871946632862091,0.4990419370113823
001023.npy,4,23.105364852220873,0.40353828749859294,0.33713141083717346,0.5355881778253815
001077.npy,4,26.149128487891012,0.6237011866070071,0.19684843719005585,0.7233759939810063
001079.npy,4,28.208303819352274,0.49570606847575305,0.217512309551239,0.7195824489604441
001252.npy,4,23.267520253446598,0.3157385209494035,0.33474889397621155,0.5107192146232106
002247.npy,4,25.136937287670882,0.6215496560888645,0.24277639389038086,0.6848563604588475
002272.npy,4,23.017855027043964,0.6411947275916287,0.21879427134990692,0.6523080415704398
002273.npy,4,22.944317792307984,0.6599943909430792,0.18866541981697083,0.6669833857599914
002514.npy,4,23.21283481293969,0.5208326944072007,0.30608007311820984,0.5874249807172123
002592.npy,4,23.290333550185217,0.7855791362298615,0.17120666801929474,0.7223537905187493
002635.npy,4,28.585561791478938,0.6612765885891989,0.21766816079616547,0.7831041824083208
002710.npy,4,25.898895147646694,0.6869713261313177,0.19379831850528717,0.7399220058230478
002833.npy,4,23.175842293958663,0.5329238170240245,0.2437441051006317,0.6114119549513234
002952.npy,4,24.53960555605938,0.392141960960906,0.17692959308624268,0.6170620238706517
002961.npy,4,24.117037343069413,0.566985180291289,0.1791377067565918,0.6652166543575526
000570.npy,5,23.08134902537331,0.514664600599053,0.22533001005649567,0.6093637307447037
000605.npy,5,23.47774624098975,0.40491244084036876,0.18518702685832977,0.5949694989048963
000623.npy,5,22.207422578662847,0.5184935252580791,0.22115996479988098,0.5926094663452404
000633.npy,5,24.923228931338027,0.6023796586649716,0.20099306106567383,0.6876450643406109
001067.npy,5,23.452951487042437,0.586701108715251,0.20494042336940765,0.6484302614940018
001080.npy,5,21.295533174956468,0.36283221251524633,0.21263939142227173,0.5232983442522463
001203.npy,5,22.992305477361793,0.6201162659839093,0.15494957566261292,0.6659956851595831
001399.npy,5,22.653202351172503,0.477951888460723,0.23221533000469208,0.5853166828447325
001685.npy,5,22.30728314114362,0.6967809911432751,0.1725659817457199,0.6704557396023766
001783.npy,5,25.78489246993982,0.628348071919444,0.1491081714630127,0.7327442439285842
001844.npy,5,23.900590318568177,0.5093717879248932,0.19790302217006683,0.6349471512197904
001864.npy,5,28.89771928375599,0.663136924932003,0.14981184899806976,0.8132798982836664
001895.npy,5,28.58543128640255,0.7969337906843769,0.1251877248287201,0.8591471616497199
001993.npy,5,30.607098892481215,0.6657713879609108,0.12362933903932571,0.8473806829738617
001995.npy,5,24.64453691924089,0.7918265053542256,0.10587221384048462,0.7763078064877111
002017.npy,5,25.183891634345635,0.6790980647794902,0.22737577557563782,0.710216132720076
002031.npy,5,27.692273585097404,0.5565836396703199,0.25143125653266907,0.7171013184924925
002102.npy,5,29.853319602079367,0.6546507373974323,0.20290417969226837,0.8139892881701516
002127.npy,5,27.11146048250115,0.6616085362153705,0.17269201576709747,0.7654490730938943
002129.npy,5,29.16915723460145,0.7530400969166756,0.17510278522968292,0.8408492646645853
002256.npy,5,25.72471933651059,0.38648467117719354,0.1822626143693924,0.6397344486361689
002323.npy,5,25.669633125592046,0.8603135141778886,0.10988228023052216,0.8205800363289453
002333.npy,5,25.408811962875305,0.36748415816017893,0.18534991145133972,0.6253516814112865
002436.npy,5,22.43182461427388,0.4784751905821692,0.24975663423538208,0.5747245102105707
002539.npy,5,21.67263185896653,0.6239390977767258,0.17241378128528595,0.6321224801408472
002642.npy,5,28.841354231754384,0.5923016049423814,0.18404972553253174,0.7770029427311583
002674.npy,5,28.008718331165298,0.5278794105056525,0.14454767107963562,0.7501932093901232
002734.npy,5,26.306984598779586,0.7926243138396752,0.15537334978580475,0.7970166457686143
002781.npy,5,26.867553559776105,0.7658145847842693,0.15565964579582214,0.800441725435618
002936.npy,5,30.110793680005642,0.8423009732928053,0.11942105740308762,0.9076266386299059
003021.npy,5,21.216585938946842,0.7833953300169604,0.1404765099287033,0.6857859608949044
003041.npy,5,28.95668303969841,0.6548365424016714,0.20774194598197937,0.7925133774665286
003190.npy,5,32.85326974505853,0.8677859305843413,0.15039300918579102,0.9057976404661833
003209.npy,5,28.401292573020058,0.8214446282456368,0.13000473380088806,0.8616197997709175
003325.npy,5,33.18740638804642,0.8550793224933148,0.07482007890939713,0.9267530811946392
003388.npy,5,32.9643845662249,0.8158350955879986,0.08197103440761566,0.9112880203934608
003458.npy,5,26.68982710932275,0.8127240154380798,0.15950866043567657,0.8108457207635288
003535.npy,5,21.537857784007073,0.45536194373817185,0.21582181751728058,0.5584657706071209
003572.npy,5,24.094891148492685,0.6982874755341317,0.18452657759189606,0.7066956581694714
003644.npy,5,21.681677339582365,0.618461556336455,0.16095072031021118,0.6343186639994671
003674.npy,5,24.515801119872425,0.7509592266997416,0.16103896498680115,0.7414356676792562
003720.npy,5,26.406664312498137,0.7528407836492285,0.11737863719463348,0.7986354779848236
003730.npy,5,26.04713157880097,0.7225430339858765,0.24697411060333252,0.7373481206564251
003792.npy,5,31.012630719092886,0.6924899950494282,0.0733739584684372,0.8730386788603303
003949.npy,5,25.300490670303294,0.4849427521594083,0.15877115726470947,0.6709569909716394
004087.npy,5,24.301678071340103,0.5830902997968371,0.1663457453250885,0.6789521419648074
004126.npy,5,26.10814980675611,0.7453968480563405,0.13022993505001068,0.785236744485579
004127.npy,5,24.769970291124118,0.7199064600255266,0.1310708224773407,0.7467223300965978
004449.npy,5,29.991650635357825,0.8104449001664762,0.16112080216407776,0.8829224912309733
004489.npy,5,27.437927434742274,0.791617602867946,0.12870007753372192,0.8307042292167919
004663.npy,5,27.633842957776057,0.735471232754752,0.17094409465789795,0.8022611117606414
004734.npy,5,23.902951307076332,0.7271594306662381,0.16706353425979614,0.717875327848288
004749.npy,5,24.271709183892746,0.7746735793508589,0.14701928198337555,0.748589414320111
004753.npy,5,31.307094954669516,0.789489912737906,0.08098135888576508,0.9028361846173802
004766.npy,5,31.613670779524114,0.8787516098624766,0.11131224036216736,0.9224797898334364
000058.npy,6,19.63900931732236,0.48910878665692287,0.24450159072875977,0.5179581612498845
000095.npy,6,24.255662018709092,0.2933470269623343,0.2509511411190033,0.5531466734746457
000113.npy,6,21.46388163841287,0.5921345125174448,0.21733716130256653,0.6019075979252455
000139.npy,6,21.29962105980503,0.4312769312234001,0.23369470238685608,0.5391856553856265
000152.npy,6,21.07895233491186,0.6020587512074683,0.22107531130313873,0.5954156429661512
000285.npy,6,20.12586199230835,0.44525976522163674,0.19460806250572205,0.5307919451788238
000358.npy,6,22.649359997783783,0.5740550001805714,0.18301503360271454,0.633665766587814
000368.npy,6,20.574079502692296,0.3414939192120358,0.2321397066116333,0.49365317092662964
000377.npy,6,23.285945187180708,0.6772930602441458,0.23563984036445618,0.6646831885639122
000400.npy,6,19.283160453678395,0.2505190561943861,0.21196971833705902,0.44136445603418445
000455.npy,6,25.16822170170753,0.4005491178332679,0.26028573513031006,0.6060482764944866
000473.npy,6,20.49402271093267,0.34385815994688673,0.22427579760551453,0.4952835143567389
000483.npy,6,22.673823441379497,0.39983780291467114,0.21528595685958862,0.5653800251601274
000501.npy,6,21.667147674994915,0.6071938053678828,0.1653282195329666,0.6287806991670812
000528.npy,6,24.24417869354158,0.5372159660681598,0.2477872371673584,0.63523576949008
000533.npy,6,25.819875369098668,0.48127302264922855,0.1365877240896225,0.6886701077220613
000624.npy,6,23.714525796993932,0.4618467757435658,0.17040574550628662,0.6241364722345137
000646.npy,6,22.380766165883227,0.25961942723342546,0.15925341844558716,0.5308056955044622
000666.npy,6,20.44911502165398,0.41345856302534023,0.20363473892211914,0.524366052960051
000675.npy,6,22.79640628778186,0.4675563146363832,0.24555519223213196,0.5805871805299028
000688.npy,6,18.946385963969167,0.3326476376123068,0.329520583152771,0.42207315068582674
000751.npy,6,21.962574757094334,0.5538388275900884,0.22944678366184235,0.5961878981337339
000839.npy,6,22.29693183943073,0.32034667866154665,0.21263140439987183,0.5313924656301301
000842.npy,6,23.626892659774224,0.3461657419984322,0.2340015470981598,0.5624301240728513
001005.npy,6,24.06574755431727,0.43387900878422847,0.19667503237724304,0.6138623822316012
001012.npy,6,21.74308582397063,0.39086577267153305,0.2072194218635559,0.5443951352464509
001094.npy,6,20.97744532645555,0.4227852872607029,0.2584131360054016,0.5209561687841127
001135.npy,6,21.31190276733678,0.3925153497385242,0.2347729504108429,0.5261786390500444
001139.npy,6,20.33389039212983,0.36590158699009173,0.2486366629600525,0.49095253894623153
001184.npy,6,22.26960264915847,0.5821175560946362,0.2122657746076584,0.6181639860325141
001189.npy,6,19.970722539101562,0.38600806924174497,0.25052082538604736,0.4889562488208228
001217.npy,6,21.040063127880153,0.639712607104979,0.195331409573555,0.6156840242411447
001296.npy,6,20.699064862301277,0.4018715515457839,0.247765451669693,0.5113479191209476
001297.npy,6,20.83318851851898,0.43637239725562466,0.2129170000553131,0.5374448772560811
001329.npy,6,21.34869244081721,0.6077833752705976,0.22669774293899536,0.6014439316842498
001379.npy,6,22.327316858434436,0.5788805065196976,0.21693956851959229,0.616809576187467
001444.npy,6,20.107976718510777,0.4286873932196107,0.23011697828769684,0.5130340653886551
001482.npy,6,19.89307191102401,0.4537775897446312,0.23222383856773376,0.5159195150817215
001488.npy,6,22.502670032296294,0.5653058605301944,0.23465074598789215,0.6102777055651295
001570.npy,6,21.03281625718627,0.3968056060370728,0.2311772257089615,0.522605376935732
001634.npy,6,22.03966349311028,0.5992207871932537,0.20645877718925476,0.620690969848228
001649.npy,6,26.387355900026503,0.47723166661262933,0.12144888192415237,0.7049799482300813
001673.npy,6,22.450269232370893,0.31348557741373057,0.20518243312835693,0.5349959199255888
001692.npy,6,22.476606138962904,0.6854245386820347,0.1519388109445572,0.6773087123338903
001714.npy,6,21.136448099979518,0.33737440887981823,0.22009263932704926,0.5087927698504677
001762.npy,6,20.309813682574696,0.6050848445842173,0.1748470962047577,0.5947417757392576
001778.npy,6,23.38796909977637,0.3004880666832235,0.14465360343456268,0.5716774677445841
002049.npy,6,28.80192720431357,0.6797523705099076,0.11328962445259094,0.8288637421149627
002159.npy,6,28.12358078762029,0.6046024209530949,0.1320723593235016,0.7824784824903153
002169.npy,6,25.865300900275884,0.6006626308270907,0.20609602332115173,0.7063066669525548
002170.npy,6,26.735181651058596,0.6432829931992627,0.17203223705291748,0.7511987331834171
002198.npy,6,21.429929941242545,0.4237755089997543,0.2180825173854828,0.544784995899036
002310.npy,6,20.459628164994257,0.37865036880785086,0.2393806278705597,0.501081650645636
002342.npy,6,27.697992010754632,0.48483252973282337,0.1752382218837738,0.718709036188675
002346.npy,6,22.07401637698613,0.27899010336561797,0.2133694589138031,0.5124072454169634
002348.npy,6,24.171291106975193,0.3309518816058398,0.1783854216337204,0.5879952890345996
002380.npy,6,29.987213470390284,0.6973553805192262,0.23601539433002472,0.820162516960629
002433.npy,6,23.82383516934116,0.47432382705673154,0.1978176236152649,0.6215872937991813
002534.npy,6,21.437402921260894,0.29336012852710996,0.23747369647026062,0.4950155422691918
002566.npy,6,23.334389781942676,0.37538192103610374,0.3032054901123047,0.5426008054622147
002619.npy,6,23.02235360306546,0.7629019544311613,0.1111128106713295,0.7288709057658429
002633.npy,6,23.321798459527727,0.5190111819432559,0.30055922269821167,0.591079507737853
002647.npy,6,20.657703507793745,0.32067246212459694,0.2749025225639343,0.474316724471193
002656.npy,6,21.45721770880385,0.3228558064273745,0.22479674220085144,0.5095134149378154
002965.npy,6,26.51220753136343,0.8112904965054393,0.07725822925567627,0.8338375897802195
003038.npy,6,20.075456829790106,0.24221460452333254,0.18050318956375122,0.4666917345374183
003068.npy,6,28.34422144467102,0.6588000334631353,0.24323393404483795,0.7683936207987885
003134.npy,6,29.661785632907787,0.5785082911237478,0.30110621452331543,0.7516181507092059
003428.npy,6,23.16028327227505,0.38797948939069204,0.14073775708675385,0.5970868723740916
003505.npy,6,22.14103425265378,0.5616065086351685,0.26654839515686035,0.5903756878850756
003541.npy,6,21.98924311015551,0.3006742116434523,0.2779632806777954,0.4962201572142303
003553.npy,6,24.880692426210715,0.7747297883697022,0.16020998358726501,0.7577442110654948
003740.npy,6,20.863049469942197,0.5590920085715868,0.197495698928833,0.5841554247685223
003810.npy,6,23.38546596070211,0.34148930970898944,0.2962731122970581,0.5347490871529129
004285.npy,6,20.355753501495247,0.33532966115802804,0.30413004755973816,0.4627499490104354
004592.npy,6,19.64227253278111,0.3663412524216352,0.34031063318252563,0.4451718182526167
004631.npy,6,20.302355305893492,0.4524721817996394,0.2643340826034546,0.5138761509741392
004675.npy,6,21.390867076362223,0.45199853807458423,0.1835203468799591,0.5648453320951466
000054.npy,7,22.849502242363027,0.5581304629078573,0.2553325593471527,0.608699351017191
000055.npy,7,23.219862529973533,0.5508373196629879,0.23408877849578857,0.621579792166256
000063.npy,7,20.47947786441165,0.5713899535413933,0.27319151163101196,0.5544989887348304
000157.npy,7,22.72758719073966,0.6738844400857421,0.15384826064109802,0.6784028862757626
000211.npy,7,18.25341687279579,0.4827236017758609,0.19292131066322327,0.5022322497663412
000216.npy,7,20.411519211906647,0.35745848441226324,0.25386157631874084,0.4881216185179885
000224.npy,7,25.20462667837963,0.5052259253662149,0.1122499406337738,0.6910948099859165
000873.npy,7,17.306166945016102,0.35921597972956665,0.28967610001564026,0.4077614475716666
000875.npy,7,17.221331873113968,0.3425591433478014,0.32854509353637695,0.38736761378411855
001042.npy,7,19.009177795248885,0.5509170657921804,0.15777502954006195,0.5534735186451257
001049.npy,7,20.70416871617219,0.5326381127650067,0.30678290128707886,0.5353777086298024
001095.npy,7,24.810532046320084,0.5008525308045543,0.17260459065437317,0.6607611366349511
001097.npy,7,23.554053274423605,0.6017920072650611,0.1621306836605072,0.6699771806331536
001159.npy,7,20.17770363546042,0.4288205377175786,0.23985280096530914,0.5113826597054325
001200.npy,7,22.872327239875396,0.6667483077467061,0.16299393773078918,0.6761920620025366
001306.npy,7,18.915664588871696,0.542591060583327,0.24985533952713013,0.5179266756603256
001507.npy,7,20.693937667047933,0.6096887068079943,0.20686504244804382,0.5941398362766042
001626.npy,7,23.656063738897316,0.4660067714952269,0.19462814927101135,0.6161498460502344
001804.npy,7,25.544493729921427,0.5583581714125625,0.14440886676311493,0.705638517770292
001830.npy,7,20.43849465434124,0.45863590448112274,0.304360032081604,0.5056140608963116
002151.npy,7,22.001534483328204,0.42299669459070677,0.26444676518440247,0.5417729649871725
002279.npy,7,22.581971539302224,0.577156160364197,0.29304230213165283,0.5965262091731197
002390.npy,7,22.51661789065226,0.2958720164799016,0.23446789383888245,0.5208373273392788
002411.npy,7,22.271895307834,0.4945850551537985,0.20064890384674072,0.592909723943108
002443.npy,7,23.759903247237176,0.36219390243871463,0.2461690604686737,0.5666727972619509
002465.npy,7,22.78832403345337,0.3011439674598953,0.232092946767807,0.529424207640771
002557.npy,7,23.439054138882398,0.572066892182702,0.17558763921260834,0.6530276207429733
002587.npy,7,25.358416825027938,0.6861751680033482,0.18271739780902863,0.7313396306209495
002588.npy,7,24.69760781172679,0.6466897109249192,0.26422882080078125,0.6763226925241969
002608.npy,7,25.277590133710333,0.29536352780087616,0.23568789660930634,0.5816161022574196
002626.npy,7,23.684794418822108,0.5300350872379345,0.22119811177253723,0.6292744233511792
002669.npy,7,20.825303300442002,0.2458137287686529,0.22574137151241302,0.46947530353968
002711.npy,7,26.164774466301388,0.6616059443080875,0.2690698206424713,0.7122848071396806
002834.npy,7,23.95253469446637,0.4608355556723131,0.2761358320713043,0.5938451232995889
003205.npy,7,24.594074202109372,0.3830370560666841,0.4346233308315277,0.5293395573474826
003206.npy,7,25.359028546394082,0.3977522438655216,0.40132230520248413,0.562343947251992
003616.npy,7,22.206155817990542,0.23660193136149246,0.19494682550430298,0.5073551645744085
000046.npy,8,26.186105768691785,0.6908505433537587,0.11317965388298035,0.7744704246834102
000302.npy,8,25.049517455677417,0.8102775746292621,0.09969118237495422,0.793518074210934
000613.npy,8,22.80678427419427,0.8216181878530234,0.09823581576347351,0.7479448856786115
000715.npy,8,25.52913713724827,0.8038780083733181,0.21233920753002167,0.7644937588866159
000734.npy,8,24.457987752401486,0.8094007487396085,0.09194189310073853,0.7826637908218785
000999.npy,8,26.220100769285036,0.7493414403290102,0.14300212264060974,0.7847820118802453
001854.npy,8,25.114178272599066,0.4184254123752071,0.1540224254131317,0.6462271794895599
001950.npy,8,21.622302381190384,0.6909001539049558,0.18856929242610931,0.6479392289638461
001982.npy,8,29.370729814119855,0.7359159034948349,0.09000174701213837,0.8679876035857845
001990.npy,8,25.720726109417235,0.7130515999780457,0.1780676394701004,0.7498996781563647
002143.npy,8,24.91299387188951,0.8241242382255567,0.11862359941005707,0.7887889656471556
002144.npy,8,24.855807505021556,0.8322220054913462,0.11553074419498444,0.791248364988155
002161.npy,8,29.230043241590877,0.7997098145869532,0.07995712012052536,0.8894740813019397
002163.npy,8,21.043732380118474,0.6551952074047089,0.19905836880207062,0.6196841102035122
002174.npy,8,28.29103384008676,0.6256863249671459,0.09792496263980865,0.8046100949999293
002400.npy,8,24.44295346313798,0.5292012354739947,0.12866869568824768,0.6766875902205374
002675.npy,8,25.900337177308167,0.47169592744648087,0.14460329711437225,0.6845939251619955
002733.npy,8,24.98785275265595,0.7713553217722382,0.12020961195230484,0.7723341866656654
002913.npy,8,23.39200856849912,0.5148871027717777,0.15500178933143616,0.6397841837800943
002976.npy,8,24.260443064916558,0.6358888445991902,0.16903407871723175,0.6947392122921319
003002.npy,8,24.70212560534549,0.6252300701045134,0.18093982338905334,0.6970328734683864
003026.npy,8,22.162140333848825,0.6212383409678489,0.1276969611644745,0.6570058006866542
003076.npy,8,26.462530899332073,0.8088495310829077,0.11858412623405457,0.8181447104903303
003101.npy,8,28.657866930646158,0.7891950238689631,0.18368682265281677,0.8386775544197411
003103.npy,8,29.227743226833958,0.8520322500951849,0.11256948113441467,0.8959929946943447
003126.npy,8,25.87945032708543,0.7675341052113352,0.10043872892856598,0.7974640215850437
003127.npy,8,26.34903331526919,0.7563010499969972,0.08779877424240112,0.8083681655908472
003307.npy,8,27.520518483797606,0.8209594252322195,0.09994523972272873,0.8519051392542215
003326.npy,8,32.194407964628574,0.8319083736813069,0.05397319421172142,0.9259783931565284
003391.npy,8,22.216592716228142,0.8141019153743176,0.11712247878313065,0.7260285392243544
003443.npy,8,22.238089972863683,0.5114596891819341,0.2133067399263382,0.5935640935932804
003474.npy,8,26.027376555054225,0.8658407688190639,0.11257946491241455,0.8294732469700881
003477.npy,8,32.11485916843696,0.8517453614983559,0.061677612364292145,0.9300225830446879
003562.npy,8,26.242757318584175,0.8598278463789187,0.09439188241958618,0.8383177061772035
003564.npy,8,26.048009046017974,0.8603406240459848,0.14292924106121063,0.8179817731286574
003658.npy,8,21.35380439419577,0.6770845296836209,0.14217530190944672,0.6528320624624084
003734.npy,8,24.389549491747577,0.46504815202227795,0.13449552655220032,0.6521741971955275
003770.npy,8,20.85354655734674,0.5468646012671254,0.20127281546592712,0.5786094076525492
003804.npy,8,27.93721210190983,0.8399990217533707,0.10418207943439484,0.8660992497043214
003805.npy,8,28.516592314338418,0.8212015645450279,0.11428404599428177,0.8693412242799913
003824.npy,8,23.814590905582072,0.6601566126052493,0.2141801416873932,0.6778719548744425
003835.npy,8,24.86590221778188,0.8032173440710977,0.14023363590240479,0.7735701742291616
003860.npy,8,24.575008676884554,0.7671164785587604,0.17674985527992249,0.7429001783570471
003890.npy,8,25.29849022103951,0.6667042902272716,0.13921532034873962,0.7380183282048332
003941.npy,8,26.267072531723908,0.7362987787205125,0.21043869853019714,0.7589994163239697
003965.npy,8,27.929417502349033,0.8137615965003502,0.11699403822422028,0.8529095750331328
004022.npy,8,22.560198607581988,0.62766331560513,0.19834771752357483,0.6444429461956737
004025.npy,8,25.164009533280968,0.6649078447428027,0.21542499959468842,0.7090278269000596
004102.npy,8,24.017949288889934,0.7697701504781982,0.10121501237154007,0.7565839191219956
004108.npy,8,27.02256342458415,0.8041814467301815,0.16527403891086578,0.8134705453749752
004236.npy,8,26.52087571237871,0.8672687738207406,0.14604227244853973,0.8297616273991494
004296.npy,8,30.261668884088703,0.8360245398255103,0.11546444892883301,0.9068533636322256
004301.npy,8,29.569594420259794,0.8265464125896953,0.12145048379898071,0.8921340744915669
004317.npy,8,28.479400592145602,0.8186031319906134,0.1637476086616516,0.8511607431573338
004340.npy,8,32.11456702713064,0.8427341471471786,0.07788808643817902,0.9216153535696665
004371.npy,8,24.39393729680873,0.8147477345362008,0.1362142562866211,0.7682653215678317
004386.npy,8,24.07091271475256,0.8507132696542442,0.2060358226299286,0.7498016537803842
004433.npy,8,26.11691616310631,0.8436858708744905,0.19578075408935547,0.7963442869974074
004502.npy,8,25.185658254903508,0.7985676273071133,0.0947650596499443,0.7942821504391342
004520.npy,8,24.345260744274686,0.7967985699544958,0.10154984891414642,0.7727553679973317
004561.npy,8,24.47869124400523,0.8199691656491608,0.13503991067409515,0.7722806681918046
004562.npy,8,23.740075154324597,0.815082311427366,0.12400275468826294,0.7579170778980253
004572.npy,8,27.144412679624796,0.8456921704373844,0.16809667646884918,0.8290743353145071
004575.npy,8,31.997039430067396,0.8172844726145267,0.07293998450040817,0.9147814960380395
004602.npy,8,31.922142974139362,0.8418005195940249,0.08638335764408112,0.9184723873166478
004719.npy,8,23.369217525076515,0.787892531093061,0.15625599026679993,0.7298614586104539
004733.npy,8,30.820644108894534,0.7995104196679592,0.06660086661577225,0.9109698510173956
004754.npy,8,30.35738306564543,0.7471560885442495,0.08493609726428986,0.8874066637599866
001062.npy,9,12.667681306699379,0.3266245960229983,0.21989712119102478,0.3689091582773245
001063.npy,9,13.888525732515957,0.32575312826419445,0.20079247653484344,0.37498688390978363
000069.npy,10,20.52477281069895,0.42560652344274336,0.21383211016654968,0.5266975335520412
000085.npy,10,19.906021294176114,0.5567463688409098,0.22974668443202972,0.5513559235624292
000177.npy,10,24.23962838326853,0.500986600531857,0.26250210404396057,0.6181532406797106
000226.npy,10,19.23762489395199,0.5530879336759906,0.21802876889705658,0.5391891636807999
000372.npy,10,22.424280856597573,0.4973061387193156,0.22634515166282654,0.5886376813876646
000373.npy,10,22.13296304426678,0.4507917644537266,0.2407745122909546,0.5618493739268524
000415.npy,10,21.39175375259788,0.4204798623485968,0.24682897329330444,0.5332559352983836
000728.npy,10,19.497995616079336,0.43527818966521453,0.3079310655593872,0.47573783283703874
000777.npy,10,23.72110899031517,0.3252243214576901,0.25243237614631653,0.5513997371107949
000916.npy,10,19.126282281247654,0.4779326582034391,0.19436734914779663,0.5195502648240509
000993.npy,10,19.78705096048316,0.3091117264125122,0.28583720326423645,0.447470417949051
000994.npy,10,20.665671038674418,0.3565497201191009,0.2733001112937927,0.48698700380120086
001011.npy,10,22.257250959957577,0.39788668901256435,0.2395140379667282,0.5473964605698916
001038.npy,10,18.377459586525433,0.43143352837236726,0.2423734962940216,0.47140800150445816
001103.npy,10,22.59544014508868,0.47919028334804953,0.2258750945329666,0.5865592883847761
001234.npy,10,18.46283680152261,0.48396561035357744,0.2864166796207428,0.4761349058336695
001246.npy,10,24.134558043478393,0.396376992573705,0.2186645269393921,0.5955610006220685
001261.npy,10,21.70771556766792,0.5554041443476968,0.19581666588783264,0.602256172101464
001287.npy,10,23.428750380724598,0.29848865056871776,0.19072231650352478,0.5565610087044999
001516.npy,10,18.93268948734508,0.5411045406233957,0.261955201625824,0.5137762127179701
001517.npy,10,18.342947487338627,0.5325220974954004,0.3465382754802704,0.4696156626125683
001600.npy,10,18.701192782518937,0.3754958983510366,0.22627116739749908,0.46532363881826666
001708.npy,10,22.578714042972358,0.5373321703022547,0.2064429521560669,0.6120456070036705
001721.npy,10,21.936471710779944,0.2635174281041666,0.18608367443084717,0.513288400352883
001770.npy,10,21.758266275538038,0.474654040340815,0.2628803551197052,0.5541082567523263
002167.npy,10,20.723521053869053,0.31482270931985845,0.2843841016292572,0.4706688926495127
002184.npy,10,24.507223858139987,0.5869016722483421,0.29543232917785645,0.6417614223154949
002185.npy,10,25.60730558349328,0.6665274821211071,0.17491482198238373,0.7329221219016473
002293.npy,10,21.456151564243626,0.39080279339750135,0.33075231313705444,0.4968201948477851
002312.npy,10,22.49285342928591,0.32978027782064445,0.278389573097229,0.5169714222252697
002316.npy,10,26.59591894097638,0.643373149462685,0.12335144728422165,0.7643609883034073
002318.npy,10,25.913294131738635,0.625519176108852,0.10561415553092957,0.7491526542312771
002339.npy,10,21.970577689020207,0.4764209546080484,0.23499606549739838,0.5687100227928878
002345.npy,10,21.78485443514999,0.36061205613948955,0.21655987203121185,0.5321252710394258
002371.npy,10,22.056389254974157,0.34442427761028555,0.2242274433374405,0.5302075948681517
002491.npy,10,23.939728540532244,0.41227482283919015,0.37670189142227173,0.5438516113730226
002508.npy,10,29.069116275008575,0.608963790218614,0.28660163283348083,0.7534344141285683
002553.npy,10,23.530975992756524,0.5221806358067691,0.1797427237033844,0.6370565483179398
002561.npy,10,23.03944522665361,0.3075968002777849,0.220335453748703,0.5410747872131074
002607.npy,10,22.51334689820254,0.2787693031434336,0.18723829090595245,0.5308069351503278
002691.npy,10,20.881393529413973,0.3032821521641888,0.2957903742790222,0.466528226615366
002703.npy,10,19.900691171758456,0.25461548809125983,0.18527351319789886,0.4653515732257527
002723.npy,10,22.810692248478077,0.3769850425425763,0.34675270318984985,0.5169817186393105
003086.npy,10,19.332225832285477,0.43305507308927227,0.32666781544685364,0.46506743770937237
003147.npy,10,22.34158900643534,0.5827143207139996,0.2352445423603058,0.6123030151497943
004043.npy,10,28.468677443700297,0.7898586633448117,0.11015883088111877,0.8592038873479042
004673.npy,10,23.46807312621307,0.613793994366916,0.2709125876426697,0.6358065383794835
004687.npy,10,18.444432945649204,0.295672825949844,0.25761449337005615,0.42256239854102273
000002.npy,11,19.26133613762065,0.5381236303874739,0.22526687383651733,0.532315277464111
000486.npy,11,17.405179290118262,0.4356696815512085,0.23169925808906555,0.45477190315667565
000488.npy,11,17.739729955675962,0.4553035371086525,0.22602224349975586,0.4706433191068758
000522.npy,11,19.96107298368624,0.6471080304540991,0.18893268704414368,0.5963045141074571
000571.npy,11,21.235380222632084,0.6192695456381431,0.18748772144317627,0.6158246130123686
000764.npy,11,19.068924466447697,0.4736644108944733,0.21186958253383636,0.51101881981905
000808.npy,11,21.04043949944364,0.7306413670556755,0.15953722596168518,0.6579333692411887
000846.npy,11,18.71452657640189,0.4878855987957753,0.295846164226532,0.47989151322090084
000955.npy,11,18.65855172601974,0.5527223405631935,0.23684629797935486,0.5199264969950516
001050.npy,11,18.39305094552919,0.38777615075055466,0.2652090787887573,0.44959015611013664
001149.npy,11,19.105947144310967,0.6728597779001319,0.19113558530807495,0.5851513340709293
001192.npy,11,18.975354262125062,0.5302734400951793,0.20892491936683655,0.5287907127344489
001232.npy,11,20.11932686511576,0.6713850490857736,0.20610037446022034,0.602191044099979
001285.npy,11,17.68908331010718,0.4959854180041999,0.24365688860416412,0.47720025002461586
001417.npy,11,20.18228028035629,0.5998188637048862,0.21916890144348145,0.5753784380950525
002638.npy,11,19.572228052353886,0.6720685402212143,0.1568460613489151,0.6066792274541861
002715.npy,11,21.042978838725578,0.731668764513433,0.15972474217414856,0.6582697594181076
002718.npy,11,19.85417654872824,0.7233330572457686,0.15797214210033417,0.6296575616868834
003018.npy,11,20.081876957521445,0.664432129306579,0.1731850802898407,0.6100129487282782
003019.npy,11,20.54536094675198,0.6954544448387213,0.1745818853378296,0.6301877630947856
003154.npy,11,18.80474673267765,0.6007177651311629,0.19771717488765717,0.5522167908073385
003184.npy,11,19.07557828524485,0.46357329316980883,0.24448631703853607,0.4969307317158653
003185.npy,11,19.42309562114413,0.45824498414918363,0.25525081157684326,0.49928907132731637
003210.npy,11,20.662226086481354,0.7177357099447549,0.14817500114440918,0.6490141492997008
003252.npy,11,18.879034143117853,0.4886968456345648,0.23973150551319122,0.5025225387764101
003309.npy,11,19.131292521732746,0.48487678934518064,0.26697033643722534,0.497775318118935
003322.npy,11,20.1775403823074,0.6972757232257533,0.16660861670970917,0.6252788217788458
003323.npy,11,19.199154244650003,0.6801364402843616,0.17365020513534546,0.5954766171530055
003340.npy,11,20.057694123029318,0.5308833689577765,0.21631395816802979,0.5505830063305671
003539.npy,11,21.495205750638373,0.6660928842269871,0.2085091918706894,0.6301991363551742
003638.npy,11,23.01371482304781,0.8403543637776971,0.14132991433143616,0.7444240347720382
003702.npy,11,21.690051709347568,0.7296619935963862,0.15518122911453247,0.6734947372572305
003825.npy,11,20.356859988005045,0.7229141152682305,0.14256754517555237,0.6458235230976714
004016.npy,11,19.79017108957043,0.7295239514684677,0.15375767648220062,0.6317036714303208
004142.npy,11,17.976287190863466,0.5274549451864231,0.20027124881744385,0.5085342808088479
004161.npy,11,21.115008505933694,0.7264495485411808,0.15664666891098022,0.6591567044530378
004206.npy,11,19.22226141721235,0.5802276732237339,0.21541713178157806,0.5487648786409931
004343.npy,11,18.93940279128934,0.645340484269747,0.15696802735328674,0.5836664365563609
004559.npy,11,19.93819875614513,0.7616836452519298,0.12692475318908691,0.6546573808241727
004743.npy,11,19.21826385202251,0.39842575114762646,0.2229708731174469,0.4855574893883378
004776.npy,11,19.61544422192803,0.6732364674802352,0.19487398862838745,0.5953529201045722
000230.npy,12,25.98403077321648,0.45347877119250596,0.15813212096691132,0.6758717894800088
001501.npy,12,21.44632680903377,0.548174708442394,0.22786188125610352,0.5833559825961806
001881.npy,12,23.226052862997044,0.2925267657828177,0.2035902440547943,0.5457800153092753
001887.npy,12,26.845541245500325,0.8444222695496576,0.11736835539340973,0.8389188879520898
001983.npy,12,26.29615345387846,0.48976475711350514,0.09270888566970825,0.7167109227896759
002069.npy,12,30.364835593156783,0.6923046510849447,0.19183887541294098,0.8334885918906678
002139.npy,12,22.404900421398555,0.3998384360695516,0.24639756977558136,0.5490336314624024
002313.npy,12,25.64859215555636,0.6691920207901001,0.06741512566804886,0.7705610129419362
002756.npy,12,22.3825763086802,0.6068861019290127,0.11019651591777802,0.6629537799744161
002773.npy,12,23.30176999496588,0.5305703676074017,0.15985077619552612,0.6413903081365336
002970.npy,12,23.703727085071588,0.4152134393114578,0.23579363524913788,0.5865560921334753
002972.npy,12,22.93735932878425,0.44022841299740967,0.24402953684329987,0.5751187215799088
002989.npy,12,23.544032881483634,0.5038557969662435,0.17211709916591644,0.6337802966330787
003129.npy,12,26.91214830740975,0.8363253105627322,0.11106538772583008,0.8398010477769619
003179.npy,12,27.359139649619824,0.6251261227619113,0.0888785645365715,0.7867300671777759
003494.npy,12,24.673052725289605,0.49987189008028804,0.14874860644340515,0.6653311551076189
003559.npy,12,24.59750407389537,0.553570906861864,0.1576889008283615,0.6785718703199535
003621.npy,12,30.083500835509483,0.7622512445892096,0.0971367284655571,0.8883715053745508
003622.npy,12,30.75983399046656,0.7637839930492639,0.08373663574457169,0.8933491191015641
003700.npy,12,28.3206952465302,0.5337646366195753,0.2607032060623169,0.720369260108646
003788.npy,12,23.1151206311571,0.7514942163686826,0.1519101858139038,0.7135306908773063
004121.npy,12,24.315299071109205,0.5390425332828855,0.19508041441440582,0.6549940189808089
004264.npy,12,30.05349041417709,0.8114215726842582,0.11946144700050354,0.8973200418945848
004322.npy,12,23.522728870998684,0.5105595084468577,0.11922360211610794,0.6531726103546651
004332.npy,12,26.519683781428984,0.8499670268470142,0.12152281403541565,0.8321410438578436
004390.npy,12,20.92256322445333,0.34837777872625575,0.30561351776123047,0.4792006030873046
004446.npy,12,22.86283581930908,0.6429871022064555,0.18993675708770752,0.6590797999131177
000025.npy,13,24.414768124431415,0.7038121180985263,0.13126632571220398,0.7333990002272499
000223.npy,13,24.36128280227242,0.750014476458094,0.08503484725952148,0.7630217164500224
000265.npy,13,22.04535434253927,0.6916336956067384,0.13372381031513214,0.6758667249314081
000316.npy,13,23.22417110551852,0.7236156755594034,0.12168677151203156,0.7167356592495355
000435.npy,13,27.13134286590446,0.7500105990340598,0.09455850720405579,0.8214027609634338
000583.npy,13,23.73489524505567,0.763651229695594,0.08572687208652496,0.7534169024264823
000639.npy,13,22.688879798485637,0.5601900508364548,0.2700285315513611,0.6009178352836009
000818.npy,13,17.91022722313614,0.624185105893339,0.186697319149971,0.5438343116508146
000919.npy,13,23.639594473746612,0.7680386189295798,0.10327524691820145,0.746912112309273
000937.npy,13,24.187678906146402,0.7343908095411928,0.08649905025959015,0.7534678954526766
001214.npy,13,25.535585590953428,0.7346554513152651,0.08387266099452972,0.7843850543503212
001690.npy,13,21.58019162289567,0.7619740823582448,0.1447150856256485,0.6853128127529913
001923.npy,13,21.98438938849664,0.7651814106486328,0.24488471448421478,0.6619742184658425
001947.npy,13,26.10301536744126,0.5505758714306423,0.16280703246593475,0.7093232878202638
001949.npy,13,26.34851393328434,0.5692374160369262,0.1685284674167633,0.7190921813908173
002200.npy,13,24.504801305597134,0.7452963650269332,0.10351883620023727,0.7584769830666127
002207.npy,13,17.62264511816737,0.3852934181747755,0.2609933912754059,0.43304767825906476
002386.npy,13,20.971109485180854,0.6072494290569739,0.21960613131523132,0.5952390878068221
002422.npy,13,21.626639774654176,0.743154041888068,0.13233685493469238,0.6841977239767736
002537.npy,13,24.838657852052116,0.5629356153408843,0.18069171905517578,0.6793848065852832
002579.npy,13,22.439706480528443,0.77109090284908,0.12235531210899353,0.7149053409251053
002705.npy,13,18.68676459253581,0.29120704647375095,0.21732263267040253,0.4398895733241341
002737.npy,13,20.090936620502525,0.6287639003803654,0.1402793973684311,0.6092934259040341
002870.npy,13,22.296218814854264,0.6332878652049627,0.10084628313779831,0.672952056574705
002880.npy,13,25.258084214319613,0.5604805117414221,0.21540787816047668,0.676314971511862
002908.npy,13,20.295651163885275,0.6288806040236068,0.10528409481048584,0.6255466400462686
002948.npy,13,19.359881854789943,0.6437342169529562,0.10477161407470703,0.6098737977325263
003062.npy,13,17.200968517615927,0.6919983016490399,0.09631559252738953,0.5808046478764596
003137.npy,13,21.465092210263602,0.7903226305150735,0.12864050269126892,0.6975627583915704
003249.npy,13,19.238695611426515,0.57870295856144,0.18120984733104706,0.5600242728862757
003251.npy,13,22.25518813419347,0.6754804556276657,0.23186452686786652,0.6424317125686768
003260.npy,13,23.722065519230373,0.512679446962375,0.1940963715314865,0.6333513700154155
003380.npy,13,23.39300790933088,0.7363520145811081,0.16187205910682678,0.7113379386987799
003433.npy,13,19.700058863172135,0.6281227850926662,0.17634688317775726,0.5883710531532393
003807.npy,13,23.27974117616993,0.7549655944257956,0.09651099145412445,0.7368124493498888
003808.npy,13,22.83655167414446,0.7342728288821995,0.09962029755115509,0.7190297698691139
004154.npy,13,21.18050592290433,0.3983095396781275,0.24126756191253662,0.5230252353197375
004179.npy,13,28.01232733624889,0.8041120484265089,0.09395658224821091,0.8592146517538524
004196.npy,13,20.38335593738001,0.76553308733764,0.1294802725315094,0.6649810702104881
004324.npy,13,19.82845391825939,0.6953679708671892,0.1622006893157959,0.618354736478451
004421.npy,13,24.19979184230161,0.6443131202182628,0.18190160393714905,0.6919103241448514
004546.npy,13,24.801117742293776,0.8223245456484491,0.14990805089473724,0.7752747814133212
004615.npy,13,24.161460098025195,0.8123525004379569,0.20380057394504547,0.7397719776759747
004616.npy,13,23.416593632817275,0.723040832541076,0.1907498836517334,0.697799063692387
004644.npy,13,21.822320607368123,0.4553872376548024,0.3319735527038574,0.5260783529251621
004698.npy,13,23.124589491311323,0.5305547484494286,0.24938476085662842,0.607603095671185
000080.npy,14,18.84941885967492,0.5587028560693669,0.18452277779579163,0.543602667417301
000084.npy,14,18.460273976508525,0.6453641543484917,0.2404455989599228,0.545201162385268
000160.npy,14,20.754097296847732,0.7257298515351871,0.1733354777097702,0.6453336200939774
000297.npy,14,18.127369765975466,0.6099247288219952,0.2001209557056427,0.53943169694935
000697.npy,14,21.537131726198933,0.8130040982522778,0.14273710548877716,0.7020252581700319
000863.npy,14,21.863000487108902,0.7814873499134499,0.13661514222621918,0.700801857831497
000899.npy,14,18.42991588535531,0.49008375751738625,0.17886829376220703,0.5132921742596221
000927.npy,14,18.772998662867103,0.5708058370883251,0.19797179102897644,0.5414557634168295
000946.npy,14,19.275201236855377,0.6473582596119214,0.1776099056005478,0.5849205899339107
001546.npy,14,21.234161029530977,0.7385712203258071,0.12405987083911896,0.6767073615962511
001547.npy,14,22.027825165078756,0.7941317608947968,0.11129879206418991,0.7171182155008413
001596.npy,14,18.964050256491618,0.7061823341411594,0.17830772697925568,0.5973815414204483
001839.npy,14,19.67074193384892,0.574182671867718,0.20864233374595642,0.5589743779038965
002471.npy,14,21.805439521422674,0.8257221953926552,0.10747508704662323,0.7239810254802923
002650.npy,14,17.027172235973445,0.33907799960399554,0.21232092380523682,0.42063396384344054
002785.npy,14,18.07122743714967,0.6521699401724897,0.16487589478492737,0.56401418039918
002822.npy,14,18.627638557396036,0.6404001882167487,0.1285521239042282,0.5845635449351965
002847.npy,14,18.062011423942053,0.6391777116876094,0.14371401071548462,0.566532598633865
002863.npy,14,17.74193596145226,0.5804088194609224,0.2073488086462021,0.5186185805260681
002922.npy,14,20.826651400543106,0.6453981244030944,0.08828361332416534,0.6485193125939342
003012.npy,14,17.509817045396264,0.6568898465013263,0.11277405172586441,0.5704789770450709
003043.npy,14,21.29909166132655,0.6628848737762115,0.10165878385305405,0.660388511337198
003044.npy,14,21.161105642210813,0.6888524383216387,0.09602676331996918,0.667855350383019
003364.npy,14,14.990309810964874,0.654526893380546,0.1746106892824173,0.4933054013660429
003365.npy,14,14.424897512814457,0.6267138146165693,0.1802351027727127,0.48215957061461884
003373.npy,14,20.045506150294514,0.6939843199321437,0.16554929316043854,0.6216007011526687
003377.npy,14,20.155153048926056,0.7381842251407131,0.14783886075019836,0.6446740781063062
003423.npy,14,20.028704837282653,0.6888841021148544,0.15246781706809998,0.6238877580663105
003444.npy,14,19.12619571965084,0.6536889407661054,0.1719304472208023,0.5856127360628975
003480.npy,14,14.263142447345178,0.6023795826885924,0.1723892241716385,0.4766634528389846
003484.npy,14,20.73643901443792,0.7140977044710152,0.16934546828269958,0.6423938346058367
003497.npy,14,17.748931580122495,0.6247103820565753,0.18097209930419922,0.5423334626979586
003818.npy,14,21.674456895158258,0.7238600380437598,0.17210176587104797,0.6655740217277542
003871.npy,14,20.874941079645424,0.7150996064128866,0.14215858280658722,0.6548679207497758
003973.npy,14,21.049760411842282,0.5951414376743035,0.19209718704223633,0.6021205371405175
004003.npy,14,17.923992550138642,0.6697519573323019,0.19732899963855743,0.5557852647898847
004012.npy,14,18.482592110618047,0.5695804132841071,0.24646922945976257,0.5184279970662937
004147.npy,14,20.423197087234954,0.7027481742089335,0.17677940428256989,0.6291717474695646
004148.npy,14,20.86667800334564,0.714143051492501,0.16603043675422668,0.6464081605426613
004183.npy,14,19.96790766212123,0.675650451274814,0.1865234524011612,0.606773614338356
004276.npy,14,20.43171120948827,0.784569074179709,0.1538437008857727,0.6642798179754958
004281.npy,14,16.834180292612004,0.4602502737676033,0.19486404955387115,0.46255497012928853
004460.npy,14,17.94638160640052,0.4718089565358086,0.24202671647071838,0.4754025601639305
004656.npy,14,17.944854119765985,0.515627140790057,0.19853034615516663,0.5044734675397631
004657.npy,14,17.04826828272719,0.4626157781730369,0.2876151204109192,0.437183958870199
004703.npy,14,20.249856418887404,0.8177467091752687,0.10580530017614365,0.6873106123083172
000740.npy,15,29.455866531837685,0.8588961026823446,0.1278068721294403,0.8982712220029166
001076.npy,15,27.017237186193924,0.753610212991178,0.09928232431411743,0.8184923448077741
001677.npy,15,26.39667348562215,0.5921652256319597,0.12581515312194824,0.7420427682949404
001867.npy,15,28.52633043696125,0.6588480885722489,0.14201080799102783,0.806197547681768
001984.npy,15,28.74731168470914,0.5474373021398187,0.12765780091285706,0.7787556489580791
002026.npy,15,29.627434995399863,0.8288006461255848,0.1477782130241394,0.8853949220427009
002076.npy,15,32.999640179526295,0.8761488285856247,0.09240975975990295,0.9279130229419073
002097.npy,15,29.004462591568046,0.7217271858158112,0.1584501415491104,0.8323026279015234
002187.npy,15,28.756524411401116,0.551015750428915,0.17019496858119965,0.7659741364248187
002761.npy,15,23.617450509218436,0.7651179952381403,0.12115824222564697,0.7394854845423519
002768.npy,15,24.288482637374294,0.7863342003720999,0.1063239797949791,0.7664141321340245
002859.npy,15,27.77223982989694,0.557937430547595,0.1751941591501236,0.7447419755746447
002937.npy,15,23.416817247293693,0.769181923537463,0.11326040327548981,0.7390142233605175
003361.npy,15,31.891736321890814,0.8730197860198021,0.14091476798057556,0.9107016726797421
003503.npy,15,37.73775598555952,0.9590175720712133,0.04045185074210167,0.9728552404430372
003768.npy,15,25.647282823011604,0.6645569782166183,0.24665260314941406,0.7092410766448816
003957.npy,15,30.613562624874877,0.8267729342324733,0.18830639123916626,0.8794888476644357
004498.npy,15,26.850711413992137,0.6474337354187221,0.18623164296150208,0.7504165066855653
004764.npy,15,27.6869331925694,0.7955097052850127,0.13723687827587128,0.8346894577268116
000640.npy,16,22.464446590225016,0.2951121080715754,0.376105934381485,0.47221198212391935
000877.npy,16,28.628138696561262,0.6711704982170313,0.21317723393440247,0.7888452813511264
003717.npy,16,24.43395775010357,0.754267196276729,0.18656516075134277,0.7322108507329859
002066.npy,17,25.910150058822758,0.7797410279542282,0.1416703760623932,0.7884713297155618
002067.npy,17,28.48206455303928,0.6996703461797162,0.2185639888048172,0.7933035536369503
002106.npy,17,24.64864594901155,0.4057206506739147,0.16557371616363525,0.6277966659259053
002739.npy,17,24.91921832865525,0.5922563490070061,0.18176640570163727,0.6905903884052396
002933.npy,17,25.954463809163148,0.6002062208861163,0.11228155344724655,0.7394074182388043
003222.npy,17,33.08237551296629,0.8471018947849274,0.07064150273799896,0.9254867973489761
003262.npy,17,30.25603520803778,0.8148928062775731,0.11656908690929413,0.8994412397894263
003264.npy,17,31.70937640361373,0.8054713568060398,0.13842175900936127,0.8890165325988928
003265.npy,17,31.64479443534729,0.8010884288017563,0.12489652633666992,0.8920639674883621
003267.npy,17,29.491931385072654,0.7108620908997655,0.1273946762084961,0.8498653912320376
003623.npy,17,30.56821726105032,0.7715690856051445,0.08447180688381195,0.8956990929071108
003787.npy,17,24.81792734000806,0.6369759900263883,0.21482521295547485,0.692226422134928
003849.npy,17,28.898195616981262,0.8098405637556687,0.17819449305534363,0.8527308150552475
003911.npy,17,26.525652645556207,0.7555920784093346,0.23354847729206085,0.7634734813847848
004320.npy,17,24.8760077547372,0.5309026174130077,0.12684819102287292,0.6874849811242049
004531.npy,17,26.82547158896326,0.4744474873729856,0.32928532361984253,0.6445089787835645
000322.npy,18,18.724228182944394,0.4451357290671961,0.24765048921108246,0.4819223729063577
000559.npy,18,21.119035738719422,0.4197641554863737,0.2956605851650238,0.5106797620786593
000572.npy,18,24.367020554494736,0.5388404119625892,0.23852726817131042,0.6415937269191981
001207.npy,18,22.630487375877912,0.7005387685975208,0.12993790209293365,0.6931000082988159
001340.npy,18,23.256634723867645,0.7295455282094478,0.1357891708612442,0.7147328907575711
001521.npy,18,20.092073804248187,0.6185903274286184,0.19557614624500275,0.5874952560444983
001522.npy,18,20.67508533277113,0.5770266571202427,0.19375984370708466,0.5872019451993
002573.npy,18,20.545042435175223,0.3257806301791769,0.18020451068878174,0.5050818717229144
003083.npy,18,22.698685289004498,0.7284353636483979,0.14142560958862305,0.7000851466644693
003162.npy,18,22.652045880127332,0.6649099709402323,0.1550084948539734,0.6733459560315825
003843.npy,18,18.752718784031785,0.6520715880556192,0.1730639934539795,0.5763962822901417
003856.npy,18,20.37840467778629,0.6000466210638433,0.20801828801631927,0.5835295482999812
004642.npy,18,21.940298444029548,0.4310472988491305,0.1888737678527832,0.5682866979772168
004755.npy,18,22.93809477478043,0.6400991504952311,0.17778640985488892,0.6638396863196792
001964.npy,19,30.23145053353192,0.7625552142022252,0.09023691713809967,0.8907727656880418
002796.npy,19,23.00326385795382,0.6470465293467887,0.13683803379535675,0.6812531398050066
002835.npy,19,22.695026520581262,0.677742608312537,0.150447279214859,0.6800990323788095
002971.npy,19,23.958465677562263,0.47016133508086716,0.20587415993213654,0.6205060734398493
003088.npy,19,30.03594449454458,0.8170541506830901,0.1970522254705429,0.873333975070849
003857.npy,19,19.462868664924336,0.5629570250949586,0.2020963728427887,0.5527950766379308
004063.npy,19,22.69126137122126,0.43274310262764465,0.2627386152744293,0.5609184151448775
004501.npy,19,24.779180730399574,0.7689496512759367,0.12451938539743423,0.7654585493017134
004577.npy,19,32.07722885654964,0.8320133861973286,0.07535795867443085,0.9188851425076325
004597.npy,19,25.439335756049783,0.7144495524236907,0.17004886269569397,0.7467854689326607
004654.npy,19,26.99603377277174,0.8059785764115155,0.13814310729503632,0.822523684655976
004690.npy,19,29.46854365477361,0.7979427733404041,0.19837701320648193,0.8547117790396098
004727.npy,19,30.240457994064695,0.8109660792299509,0.1939268708229065,0.8723464028023481
004752.npy,19,31.409162992689666,0.7905910214189291,0.06159723177552223,0.9096645965478023
004756.npy,19,19.28671874784567,0.6029269156181868,0.22340290248394012,0.5551017543302081
