file,cluster,split
000000.npy,14,train
000001.npy,6,val
000002.npy,11,train
000003.npy,6,val
000004.npy,0,train
000005.npy,0,train
000006.npy,6,val
000007.npy,7,train
000008.npy,2,train
000009.npy,10,train
000010.npy,10,train
000011.npy,10,train
000012.npy,2,train
000013.npy,6,val
000014.npy,6,val
000015.npy,0,train
000016.npy,0,train
000017.npy,0,train
000018.npy,14,train
000019.npy,6,val
000020.npy,8,train
000021.npy,2,train
000022.npy,2,train
000023.npy,6,val
000024.npy,13,train
000025.npy,13,train
000026.npy,1,train
000027.npy,10,train
000028.npy,10,train
000029.npy,6,val
000030.npy,0,train
000031.npy,0,train
000032.npy,0,train
000033.npy,5,train
000034.npy,0,train
000035.npy,0,train
000036.npy,6,val
000037.npy,6,val
000038.npy,6,val
000039.npy,6,val
000040.npy,10,train
000041.npy,6,val
000042.npy,8,train
000043.npy,11,train
000044.npy,14,train
000045.npy,6,val
000046.npy,8,train
000047.npy,6,val
000048.npy,6,val
000049.npy,2,train
000050.npy,0,train
000051.npy,17,train
000052.npy,8,train
000053.npy,8,train
000054.npy,7,train
000055.npy,7,train
000056.npy,7,train
000057.npy,11,train
000058.npy,6,val
000059.npy,11,train
000060.npy,0,train
000061.npy,0,train
000062.npy,0,train
000063.npy,7,train
000064.npy,13,train
000065.npy,7,train
000066.npy,11,train
000067.npy,5,train
000068.npy,11,train
000069.npy,10,train
000070.npy,10,train
000071.npy,10,train
000072.npy,10,train
000073.npy,10,train
000074.npy,10,train
000075.npy,10,train
000076.npy,10,train
000077.npy,10,train
000078.npy,14,train
000079.npy,14,train
000080.npy,14,train
000081.npy,0,train
000082.npy,5,train
000083.npy,8,train
000084.npy,14,train
000085.npy,10,train
000086.npy,13,train
000087.npy,11,train
000088.npy,0,train
000089.npy,11,train
000090.npy,0,train
000091.npy,0,train
000092.npy,2,train
000093.npy,0,train
000094.npy,10,train
000095.npy,6,val
000096.npy,8,train
000097.npy,8,train
000098.npy,8,train
000099.npy,6,val
000100.npy,6,val
000101.npy,6,val
000102.npy,2,train
000103.npy,5,train
000104.npy,0,train
000105.npy,11,train
000106.npy,2,train
000107.npy,2,train
000108.npy,6,val
000109.npy,2,train
000110.npy,0,train
000111.npy,0,train
000112.npy,6,val
000113.npy,6,val
000114.npy,7,train
000115.npy,7,train
000116.npy,7,train
000117.npy,1,train
000118.npy,8,train
000119.npy,12,train
000120.npy,0,train
000121.npy,11,train
000122.npy,0,train
000123.npy,2,train
000124.npy,2,train
000125.npy,2,train
000126.npy,6,val
000127.npy,6,val
000128.npy,0,train
000129.npy,6,val
000130.npy,6,val
000131.npy,6,val
000132.npy,2,train
000133.npy,2,train
000134.npy,2,train
000135.npy,6,val
000136.npy,6,val
000137.npy,6,val
000138.npy,6,val
000139.npy,6,val
000140.npy,17,train
000141.npy,10,train
000142.npy,14,train
000143.npy,7,train
000144.npy,8,train
000145.npy,12,train
000146.npy,16,train
000147.npy,7,train
000148.npy,7,train
000149.npy,10,train
000150.npy,6,val
000151.npy,14,train
000152.npy,6,val
000153.npy,10,train
000154.npy,6,val
000155.npy,10,train
000156.npy,1,train
000157.npy,7,train
000158.npy,10,train
000159.npy,14,train
000160.npy,14,train
000161.npy,14,train
000162.npy,5,train
000163.npy,18,train
000164.npy,18,train
000165.npy,0,train
000166.npy,0,train
000167.npy,0,train
000168.npy,0,train
000169.npy,6,val
000170.npy,10,train
000171.npy,0,train
000172.npy,5,train
000173.npy,5,train
000174.npy,0,train
000175.npy,0,train
000176.npy,0,train
000177.npy,10,train
000178.npy,10,train
000179.npy,10,train
000180.npy,0,train
000181.npy,6,val
000182.npy,0,train
000183.npy,18,train
000184.npy,5,train
000185.npy,1,train
000186.npy,13,train
000187.npy,7,train
000188.npy,7,train
000189.npy,0,train
000190.npy,0,train
000191.npy,6,val
000192.npy,0,train
000193.npy,0,train
000194.npy,0,train
000195.npy,10,train
000196.npy,10,train
000197.npy,10,train
000198.npy,1,train
000199.npy,13,train
000200.npy,17,train
000201.npy,5,train
000202.npy,5,train
000203.npy,5,train
000204.npy,7,train
000205.npy,13,train
000206.npy,13,train
000207.npy,18,train
000208.npy,18,train
000209.npy,18,train
000210.npy,7,train
000211.npy,7,train
000212.npy,7,train
000213.npy,0,train
000214.npy,6,val
000215.npy,0,train
000216.npy,7,train
000217.npy,10,train
000218.npy,10,train
000219.npy,7,train
000220.npy,1,train
000221.npy,7,train
000222.npy,7,train
000223.npy,13,train
000224.npy,7,train
000225.npy,14,train
000226.npy,10,train
000227.npy,10,train
000228.npy,18,train
000229.npy,5,train
000230.npy,12,train
000231.npy,2,train
000232.npy,6,val
000233.npy,2,train
000234.npy,0,train
000235.npy,6,val
000236.npy,0,train
000237.npy,2,train
000238.npy,0,train
000239.npy,2,train
000240.npy,9,train
000241.npy,9,train
000242.npy,11,train
000243.npy,6,val
000244.npy,6,val
000245.npy,6,val
000246.npy,12,train
000247.npy,14,train
000248.npy,11,train
000249.npy,0,train
000250.npy,6,val
000251.npy,0,train
000252.npy,6,val
000253.npy,6,val
000254.npy,10,train
000255.npy,8,train
000256.npy,19,val
000257.npy,0,train
000258.npy,8,train
000259.npy,2,train
000260.npy,0,train
000261.npy,2,train
000262.npy,2,train
000263.npy,2,train
000264.npy,14,train
000265.npy,13,train
000266.npy,13,train
000267.npy,0,train
000268.npy,2,train
000269.npy,5,train
000270.npy,11,train
000271.npy,11,train
000272.npy,14,train
000273.npy,6,val
000274.npy,2,train
000275.npy,0,train
000276.npy,2,train
000277.npy,2,train
000278.npy,2,train
000279.npy,11,train
000280.npy,11,train
000281.npy,11,train
000282.npy,5,train
000283.npy,5,train
000284.npy,11,train
000285.npy,6,val
000286.npy,2,train
000287.npy,0,train
000288.npy,14,train
000289.npy,13,train
000290.npy,14,train
000291.npy,13,train
000292.npy,1,train
000293.npy,1,train
000294.npy,6,val
000295.npy,0,train
000296.npy,2,train
000297.npy,14,train
000298.npy,14,train
000299.npy,14,train
000300.npy,8,train
000301.npy,8,train
000302.npy,8,train
000303.npy,1,train
000304.npy,11,train
000305.npy,11,train
000306.npy,13,train
000307.npy,1,train
000308.npy,10,train
000309.npy,10,train
000310.npy,7,train
000311.npy,10,train
000312.npy,2,train
000313.npy,0,train
000314.npy,11,train
000315.npy,13,train
000316.npy,13,train
000317.npy,13,train
000318.npy,0,train
000319.npy,0,train
000320.npy,6,val
000321.npy,11,train
000322.npy,18,train
000323.npy,18,train
000324.npy,0,train
000325.npy,0,train
000326.npy,0,train
000327.npy,10,train
000328.npy,5,train
000329.npy,5,train
000330.npy,10,train
000331.npy,6,val
000332.npy,2,train
000333.npy,0,train
000334.npy,0,train
000335.npy,6,val
000336.npy,8,train
000337.npy,10,train
000338.npy,14,train
000339.npy,6,val
000340.npy,0,train
000341.npy,0,train
000342.npy,2,train
000343.npy,6,val
000344.npy,6,val
000345.npy,10,train
000346.npy,2,train
000347.npy,0,train
000348.npy,2,train
000349.npy,2,train
000350.npy,2,train
000351.npy,6,val
000352.npy,2,train
000353.npy,6,val
000354.npy,2,train
000355.npy,6,val
000356.npy,6,val
000357.npy,6,val
000358.npy,6,val
000359.npy,6,val
000360.npy,0,train
000361.npy,0,train
000362.npy,0,train
000363.npy,6,val
000364.npy,0,train
000365.npy,6,val
000366.npy,0,train
000367.npy,0,train
000368.npy,6,val
000369.npy,0,train
000370.npy,10,train
000371.npy,0,train
000372.npy,10,train
000373.npy,10,train
000374.npy,10,train
000375.npy,2,train
000376.npy,6,val
000377.npy,6,val
000378.npy,11,train
000379.npy,0,train
000380.npy,0,train
000381.npy,10,train
000382.npy,10,train
000383.npy,6,val
000384.npy,6,val
000385.npy,2,train
000386.npy,6,val
000387.npy,0,train
000388.npy,0,train
000389.npy,0,train
000390.npy,6,val
000391.npy,0,train
000392.npy,6,val
000393.npy,10,train
000394.npy,10,train
000395.npy,10,train
000396.npy,6,val
000397.npy,14,train
000398.npy,2,train
000399.npy,8,train
000400.npy,6,val
000401.npy,0,train
000402.npy,2,train
000403.npy,2,train
000404.npy,2,train
000405.npy,0,train
000406.npy,5,train
000407.npy,5,train
000408.npy,0,train
000409.npy,2,train
000410.npy,0,train
000411.npy,6,val
000412.npy,0,train
000413.npy,6,val
000414.npy,10,train
000415.npy,10,train
000416.npy,10,train
000417.npy,6,val
000418.npy,0,train
000419.npy,10,train
000420.npy,1,train
000421.npy,8,train
000422.npy,8,train
000423.npy,6,val
000424.npy,0,train
000425.npy,11,train
000426.npy,0,train
000427.npy,0,train
000428.npy,6,val
000429.npy,0,train
000430.npy,6,val
000431.npy,6,val
000432.npy,0,train
000433.npy,2,train
000434.npy,2,train
000435.npy,13,train
000436.npy,12,train
000437.npy,16,train
000438.npy,0,train
000439.npy,0,train
000440.npy,11,train
000441.npy,14,train
000442.npy,9,train
000443.npy,9,train
000444.npy,4,val
000445.npy,4,val
000446.npy,4,val
000447.npy,10,train
000448.npy,2,train
000449.npy,2,train
000450.npy,2,train
000451.npy,1,train
000452.npy,14,train
000453.npy,0,train
000454.npy,6,val
000455.npy,6,val
000456.npy,6,val
000457.npy,5,train
000458.npy,0,train
000459.npy,13,train
000460.npy,13,train
000461.npy,7,train
000462.npy,6,val
000463.npy,10,train
000464.npy,10,train
000465.npy,2,train
000466.npy,2,train
000467.npy,0,train
000468.npy,0,train
000469.npy,15,train
000470.npy,15,train
000471.npy,0,train
000472.npy,0,train
000473.npy,6,val
000474.npy,4,val
000475.npy,14,train
000476.npy,13,train
000477.npy,6,val
000478.npy,2,train
000479.npy,0,train
000480.npy,0,train
000481.npy,2,train
000482.npy,0,train
000483.npy,6,val
000484.npy,2,train
000485.npy,0,train
000486.npy,11,train
000487.npy,11,train
000488.npy,11,train
000489.npy,10,train
000490.npy,0,train
000491.npy,0,train
000492.npy,6,val
000493.npy,6,val
000494.npy,6,val
000495.npy,6,val
000496.npy,0,train
000497.npy,10,train
000498.npy,0,train
000499.npy,2,train
000500.npy,6,val
000501.npy,6,val
000502.npy,6,val
000503.npy,6,val
000504.npy,2,train
000505.npy,8,train
000506.npy,2,train
000507.npy,1,train
000508.npy,1,train
000509.npy,10,train
000510.npy,0,train
000511.npy,0,train
000512.npy,6,val
000513.npy,5,train
000514.npy,2,train
000515.npy,0,train
000516.npy,0,train
000517.npy,0,train
000518.npy,2,train
000519.npy,0,train
000520.npy,0,train
000521.npy,0,train
000522.npy,11,train
000523.npy,5,train
000524.npy,11,train
000525.npy,13,train
000526.npy,7,train
000527.npy,13,train
000528.npy,6,val
000529.npy,6,val
000530.npy,2,train
000531.npy,0,train
000532.npy,0,train
000533.npy,6,val
000534.npy,6,val
000535.npy,6,val
000536.npy,6,val
000537.npy,5,train
000538.npy,3,train
000539.npy,8,train
000540.npy,0,train
000541.npy,0,train
000542.npy,0,train
000543.npy,8,train
000544.npy,11,train
000545.npy,11,train
000546.npy,5,train
000547.npy,18,train
000548.npy,0,train
000549.npy,12,train
000550.npy,8,train
000551.npy,8,train
000552.npy,5,train
000553.npy,5,train
000554.npy,5,train
000555.npy,13,train
000556.npy,13,train
000557.npy,10,train
000558.npy,11,train
000559.npy,18,train
000560.npy,18,train
000561.npy,2,train
000562.npy,0,train
000563.npy,6,val
000564.npy,0,train
000565.npy,0,train
000566.npy,11,train
000567.npy,6,val
000568.npy,6,val
000569.npy,6,val
000570.npy,5,train
000571.npy,11,train
000572.npy,18,train
000573.npy,6,val
000574.npy,6,val
000575.npy,6,val
000576.npy,0,train
000577.npy,11,train
000578.npy,0,train
000579.npy,0,train
000580.npy,5,train
000581.npy,0,train
000582.npy,13,train
000583.npy,13,train
000584.npy,10,train
000585.npy,1,train
000586.npy,12,train
000587.npy,13,train
000588.npy,0,train
000589.npy,0,train
000590.npy,0,train
000591.npy,0,train
000592.npy,0,train
000593.npy,0,train
000594.npy,6,val
000595.npy,0,train
000596.npy,0,train
000597.npy,14,train
000598.npy,10,train
000599.npy,10,train
000600.npy,10,train
000601.npy,7,train
000602.npy,7,train
000603.npy,0,train
000604.npy,0,train
000605.npy,5,train
000606.npy,0,train
000607.npy,6,val
000608.npy,6,val
000609.npy,16,train
000610.npy,12,train
000611.npy,13,train
000612.npy,1,train
000613.npy,8,train
000614.npy,8,train
000615.npy,6,val
000616.npy,0,train
000617.npy,6,val
000618.npy,0,train
000619.npy,0,train
000620.npy,11,train
000621.npy,5,train
000622.npy,0,train
000623.npy,5,train
000624.npy,6,val
000625.npy,2,train
000626.npy,6,val
000627.npy,0,train
000628.npy,2,train
000629.npy,2,train
000630.npy,0,train
000631.npy,0,train
000632.npy,2,train
000633.npy,5,train
000634.npy,2,train
000635.npy,6,val
000636.npy,6,val
000637.npy,6,val
000638.npy,6,val
000639.npy,13,train
000640.npy,16,train
000641.npy,16,train
000642.npy,6,val
000643.npy,0,train
000644.npy,0,train
000645.npy,7,train
000646.npy,6,val
000647.npy,10,train
000648.npy,2,train
000649.npy,2,train
000650.npy,2,train
000651.npy,6,val
000652.npy,0,train
000653.npy,0,train
000654.npy,2,train
000655.npy,2,train
000656.npy,7,train
000657.npy,11,train
000658.npy,11,train
000659.npy,11,train
000660.npy,12,train
000661.npy,12,train
000662.npy,8,train
000663.npy,7,train
000664.npy,7,train
000665.npy,10,train
000666.npy,6,val
000667.npy,6,val
000668.npy,0,train
000669.npy,1,train
000670.npy,1,train
000671.npy,17,train
000672.npy,6,val
000673.npy,14,train
000674.npy,10,train
000675.npy,6,val
000676.npy,6,val
000677.npy,6,val
000678.npy,0,train
000679.npy,0,train
000680.npy,0,train
000681.npy,6,val
000682.npy,6,val
000683.npy,6,val
000684.npy,0,train
000685.npy,6,val
000686.npy,0,train
000687.npy,14,train
000688.npy,6,val
000689.npy,11,train
000690.npy,2,train
000691.npy,0,train
000692.npy,0,train
000693.npy,6,val
000694.npy,6,val
000695.npy,6,val
000696.npy,14,train
000697.npy,14,train
000698.npy,13,train
000699.npy,11,train
000700.npy,11,train
000701.npy,11,train
000702.npy,1,train
000703.npy,8,train
000704.npy,8,train
000705.npy,4,val
000706.npy,4,val
000707.npy,4,val
000708.npy,0,train
000709.npy,2,train
000710.npy,2,train
000711.npy,1,train
000712.npy,10,train
000713.npy,10,train
000714.npy,15,train
000715.npy,8,train
000716.npy,18,train
000717.npy,10,train
000718.npy,10,train
000719.npy,10,train
000720.npy,10,train
000721.npy,10,train
000722.npy,10,train
000723.npy,0,train
000724.npy,0,train
000725.npy,6,val
000726.npy,10,train
000727.npy,10,train
000728.npy,10,train
000729.npy,6,val
000730.npy,0,train
000731.npy,10,train
000732.npy,8,train
000733.npy,5,train
000734.npy,8,train
000735.npy,1,train
000736.npy,1,train
000737.npy,6,val
000738.npy,15,train
000739.npy,5,train
000740.npy,15,train
000741.npy,0,train
000742.npy,6,val
000743.npy,0,train
000744.npy,13,train
000745.npy,7,train
000746.npy,7,train
000747.npy,5,train
000748.npy,2,train
000749.npy,2,train
000750.npy,2,train
000751.npy,6,val
000752.npy,2,train
000753.npy,6,val
000754.npy,6,val
000755.npy,6,val
000756.npy,5,train
000757.npy,5,train
000758.npy,5,train
000759.npy,13,train
000760.npy,13,train
000761.npy,7,train
000762.npy,11,train
000763.npy,11,train
000764.npy,11,train
000765.npy,2,train
000766.npy,2,train
000767.npy,2,train
000768.npy,10,train
000769.npy,10,train
000770.npy,6,val
000771.npy,6,val
000772.npy,2,train
000773.npy,0,train
000774.npy,10,train
000775.npy,10,train
000776.npy,10,train
000777.npy,10,train
000778.npy,10,train
000779.npy,10,train
000780.npy,8,train
000781.npy,8,train
000782.npy,8,train
000783.npy,1,train
000784.npy,1,train
000785.npy,13,train
000786.npy,14,train
000787.npy,7,train
000788.npy,7,train
000789.npy,5,train
000790.npy,15,train
000791.npy,15,train
000792.npy,11,train
000793.npy,11,train
000794.npy,11,train
000795.npy,8,train
000796.npy,1,train
000797.npy,1,train
000798.npy,6,val
000799.npy,0,train
000800.npy,2,train
000801.npy,4,val
000802.npy,13,train
000803.npy,1,train
000804.npy,2,train
000805.npy,5,train
000806.npy,5,train
000807.npy,11,train
000808.npy,11,train
000809.npy,11,train
000810.npy,2,train
000811.npy,2,train
000812.npy,2,train
000813.npy,0,train
000814.npy,6,val
000815.npy,0,train
000816.npy,7,train
000817.npy,13,train
000818.npy,13,train
000819.npy,0,train
000820.npy,0,train
000821.npy,5,train
000822.npy,18,train
000823.npy,0,train
000824.npy,18,train
000825.npy,6,val
000826.npy,6,val
000827.npy,6,val
000828.npy,2,train
000829.npy,2,train
000830.npy,2,train
000831.npy,0,train
000832.npy,8,train
000833.npy,5,train
000834.npy,2,train
000835.npy,2,train
000836.npy,6,val
000837.npy,19,val
000838.npy,10,train
000839.npy,6,val
000840.npy,10,train
000841.npy,0,train
000842.npy,6,val
000843.npy,2,train
000844.npy,2,train
000845.npy,0,train
000846.npy,11,train
000847.npy,12,train
000848.npy,6,val
000849.npy,0,train
000850.npy,0,train
000851.npy,11,train
000852.npy,0,train
000853.npy,0,train
000854.npy,0,train
000855.npy,11,train
000856.npy,11,train
000857.npy,11,train
000858.npy,6,val
000859.npy,6,val
000860.npy,10,train
000861.npy,14,train
000862.npy,8,train
000863.npy,14,train
000864.npy,0,train
000865.npy,0,train
000866.npy,0,train
000867.npy,14,train
000868.npy,13,train
000869.npy,10,train
000870.npy,8,train
000871.npy,8,train
000872.npy,2,train
000873.npy,7,train
000874.npy,7,train
000875.npy,7,train
000876.npy,12,train
000877.npy,16,train
000878.npy,1,train
000879.npy,2,train
000880.npy,2,train
000881.npy,2,train
000882.npy,0,train
000883.npy,5,train
000884.npy,5,train
000885.npy,14,train
000886.npy,10,train
000887.npy,14,train
000888.npy,2,train
000889.npy,0,train
000890.npy,0,train
000891.npy,6,val
000892.npy,2,train
000893.npy,6,val
000894.npy,6,val
000895.npy,0,train
000896.npy,10,train
000897.npy,14,train
000898.npy,6,val
000899.npy,14,train
000900.npy,2,train
000901.npy,0,train
000902.npy,6,val
000903.npy,10,train
000904.npy,10,train
000905.npy,10,train
000906.npy,0,train
000907.npy,0,train
000908.npy,0,train
000909.npy,0,train
000910.npy,6,val
000911.npy,6,val
000912.npy,1,train
000913.npy,7,train
000914.npy,4,val
000915.npy,14,train
000916.npy,10,train
000917.npy,14,train
000918.npy,13,train
000919.npy,13,train
000920.npy,1,train
000921.npy,5,train
000922.npy,18,train
000923.npy,5,train
000924.npy,0,train
000925.npy,2,train
000926.npy,10,train
000927.npy,14,train
000928.npy,11,train
000929.npy,6,val
000930.npy,2,train
000931.npy,10,train
000932.npy,0,train
000933.npy,2,train
000934.npy,7,train
000935.npy,2,train
000936.npy,13,train
000937.npy,13,train
000938.npy,1,train
000939.npy,0,train
000940.npy,6,val
000941.npy,0,train
000942.npy,0,train
000943.npy,11,train
000944.npy,11,train
000945.npy,14,train
000946.npy,14,train
000947.npy,14,train
000948.npy,6,val
000949.npy,0,train
000950.npy,6,val
000951.npy,0,train
000952.npy,5,train
000953.npy,0,train
000954.npy,11,train
000955.npy,11,train
000956.npy,11,train
000957.npy,6,val
000958.npy,0,train
000959.npy,6,val
000960.npy,6,val
000961.npy,6,val
000962.npy,0,train
000963.npy,11,train
000964.npy,11,train
000965.npy,5,train
000966.npy,0,train
000967.npy,0,train
000968.npy,0,train
000969.npy,11,train
000970.npy,5,train
000971.npy,5,train
000972.npy,6,val
000973.npy,6,val
000974.npy,10,train
000975.npy,12,train
000976.npy,13,train
000977.npy,12,train
000978.npy,2,train
000979.npy,2,train
000980.npy,2,train
000981.npy,0,train
000982.npy,0,train
000983.npy,6,val
000984.npy,8,train
000985.npy,8,train
000986.npy,8,train
000987.npy,2,train
000988.npy,0,train
000989.npy,0,train
000990.npy,10,train
000991.npy,1,train
000992.npy,10,train
000993.npy,10,train
000994.npy,10,train
000995.npy,10,train
000996.npy,2,train
000997.npy,0,train
000998.npy,5,train
000999.npy,8,train
001000.npy,12,train
001001.npy,12,train
001002.npy,8,train
001003.npy,8,train
001004.npy,8,train
001005.npy,6,val
001006.npy,0,train
001007.npy,0,train
001008.npy,8,train
001009.npy,1,train
001010.npy,8,train
001011.npy,10,train
001012.npy,6,val
001013.npy,6,val
001014.npy,0,train
001015.npy,6,val
001016.npy,6,val
001017.npy,10,train
001018.npy,10,train
001019.npy,6,val
001020.npy,10,train
001021.npy,6,val
001022.npy,10,train
001023.npy,4,val
001024.npy,4,val
001025.npy,4,val
001026.npy,1,train
001027.npy,1,train
001028.npy,1,train
001029.npy,2,train
001030.npy,2,train
001031.npy,6,val
001032.npy,0,train
001033.npy,5,train
001034.npy,0,train
001035.npy,1,train
001036.npy,8,train
001037.npy,12,train
001038.npy,10,train
001039.npy,10,train
001040.npy,7,train
001041.npy,7,train
001042.npy,7,train
001043.npy,7,train
001044.npy,11,train
001045.npy,11,train
001046.npy,11,train
001047.npy,7,train
001048.npy,13,train
001049.npy,7,train
001050.npy,11,train
001051.npy,6,val
001052.npy,6,val
001053.npy,1,train
001054.npy,1,train
001055.npy,7,train
001056.npy,3,train
001057.npy,0,train
001058.npy,0,train
001059.npy,12,train
001060.npy,3,train
001061.npy,12,train
001062.npy,9,train
001063.npy,9,train
001064.npy,11,train
001065.npy,5,train
001066.npy,5,train
001067.npy,5,train
001068.npy,8,train
001069.npy,0,train
001070.npy,0,train
001071.npy,5,train
001072.npy,0,train
001073.npy,0,train
001074.npy,15,train
001075.npy,19,val
001076.npy,15,train
001077.npy,4,val
001078.npy,4,val
001079.npy,4,val
001080.npy,5,train
001081.npy,18,train
001082.npy,5,train
001083.npy,0,train
001084.npy,0,train
001085.npy,0,train
001086.npy,7,train
001087.npy,7,train
001088.npy,10,train
001089.npy,7,train
001090.npy,7,train
001091.npy,7,train
001092.npy,0,train
001093.npy,2,train
001094.npy,6,val
001095.npy,7,train
001096.npy,4,val
001097.npy,7,train
001098.npy,2,train
001099.npy,2,train
001100.npy,0,train
001101.npy,10,train
001102.npy,10,train
001103.npy,10,train
001104.npy,2,train
001105.npy,2,train
001106.npy,7,train
001107.npy,2,train
001108.npy,6,val
001109.npy,2,train
001110.npy,7,train
001111.npy,10,train
001112.npy,10,train
001113.npy,6,val
001114.npy,2,train
001115.npy,10,train
001116.npy,14,train
001117.npy,13,train
001118.npy,13,train
001119.npy,0,train
001120.npy,0,train
001121.npy,6,val
001122.npy,0,train
001123.npy,0,train
001124.npy,0,train
001125.npy,0,train
001126.npy,6,val
001127.npy,2,train
001128.npy,1,train
001129.npy,13,train
001130.npy,6,val
001131.npy,3,train
001132.npy,0,train
001133.npy,6,val
001134.npy,5,train
001135.npy,6,val
001136.npy,0,train
001137.npy,0,train
001138.npy,0,train
001139.npy,6,val
001140.npy,7,train
001141.npy,10,train
001142.npy,7,train
001143.npy,6,val
001144.npy,0,train
001145.npy,2,train
001146.npy,1,train
001147.npy,8,train
001148.npy,6,val
001149.npy,11,train
001150.npy,0,train
001151.npy,11,train
001152.npy,5,train
001153.npy,18,train
001154.npy,5,train
001155.npy,0,train
001156.npy,0,train
001157.npy,5,train
001158.npy,10,train
001159.npy,7,train
001160.npy,7,train
001161.npy,6,val
001162.npy,0,train
001163.npy,0,train
001164.npy,6,val
001165.npy,0,train
001166.npy,0,train
001167.npy,11,train
001168.npy,0,train
001169.npy,0,train
001170.npy,7,train
001171.npy,7,train
001172.npy,7,train
001173.npy,2,train
001174.npy,6,val
001175.npy,6,val
001176.npy,11,train
001177.npy,11,train
001178.npy,11,train
001179.npy,8,train
001180.npy,1,train
001181.npy,13,train
001182.npy,6,val
001183.npy,6,val
001184.npy,6,val
001185.npy,2,train
001186.npy,2,train
001187.npy,6,val
001188.npy,10,train
001189.npy,6,val
001190.npy,6,val
001191.npy,0,train
001192.npy,11,train
001193.npy,11,train
001194.npy,6,val
001195.npy,2,train
001196.npy,5,train
001197.npy,6,val
001198.npy,6,val
001199.npy,0,train
001200.npy,7,train
001201.npy,7,train
001202.npy,10,train
001203.npy,5,train
001204.npy,18,train
001205.npy,5,train
001206.npy,18,train
001207.npy,18,train
001208.npy,18,train
001209.npy,5,train
001210.npy,5,train
001211.npy,5,train
001212.npy,1,train
001213.npy,1,train
001214.npy,13,train
001215.npy,6,val
001216.npy,6,val
001217.npy,6,val
001218.npy,0,train
001219.npy,6,val
001220.npy,6,val
001221.npy,0,train
001222.npy,0,train
001223.npy,5,train
001224.npy,0,train
001225.npy,2,train
001226.npy,0,train
001227.npy,2,train
001228.npy,6,val
001229.npy,11,train
001230.npy,11,train
001231.npy,0,train
001232.npy,11,train
001233.npy,10,train
001234.npy,10,train
001235.npy,14,train
001236.npy,2,train
001237.npy,6,val
001238.npy,0,train
001239.npy,1,train
001240.npy,10,train
001241.npy,6,val
001242.npy,6,val
001243.npy,0,train
001244.npy,6,val
001245.npy,6,val
001246.npy,10,train
001247.npy,6,val
001248.npy,6,val
001249.npy,11,train
001250.npy,11,train
001251.npy,4,val
001252.npy,4,val
001253.npy,4,val
001254.npy,7,train
001255.npy,7,train
001256.npy,7,train
001257.npy,10,train
001258.npy,10,train
001259.npy,10,train
001260.npy,10,train
001261.npy,10,train
001262.npy,10,train
001263.npy,6,val
001264.npy,0,train
001265.npy,2,train
001266.npy,10,train
001267.npy,6,val
001268.npy,10,train
001269.npy,0,train
001270.npy,0,train
001271.npy,6,val
001272.npy,0,train
001273.npy,0,train
001274.npy,0,train
001275.npy,14,train
001276.npy,14,train
001277.npy,14,train
001278.npy,2,train
001279.npy,0,train
001280.npy,0,train
001281.npy,8,train
001282.npy,8,train
001283.npy,8,train
001284.npy,11,train
001285.npy,11,train
001286.npy,11,train
001287.npy,10,train
001288.npy,6,val
001289.npy,6,val
001290.npy,12,train
001291.npy,1,train
001292.npy,13,train
001293.npy,6,val
001294.npy,6,val
001295.npy,6,val
001296.npy,6,val
001297.npy,6,val
001298.npy,6,val
001299.npy,5,train
001300.npy,0,train
001301.npy,2,train
001302.npy,0,train
001303.npy,6,val
001304.npy,0,train
001305.npy,7,train
001306.npy,7,train
001307.npy,10,train
001308.npy,14,train
001309.npy,14,train
001310.npy,14,train
001311.npy,14,train
001312.npy,13,train
001313.npy,7,train
001314.npy,6,val
001315.npy,2,train
001316.npy,0,train
001317.npy,6,val
001318.npy,6,val
001319.npy,6,val
001320.npy,11,train
001321.npy,6,val
001322.npy,11,train
001323.npy,6,val
001324.npy,0,train
001325.npy,0,train
001326.npy,2,train
001327.npy,0,train
001328.npy,0,train
001329.npy,6,val
001330.npy,10,train
001331.npy,10,train
001332.npy,7,train
001333.npy,7,train
001334.npy,7,train
001335.npy,14,train
001336.npy,14,train
001337.npy,14,train
001338.npy,5,train
001339.npy,18,train
001340.npy,18,train
001341.npy,2,train
001342.npy,0,train
001343.npy,0,train
001344.npy,7,train
001345.npy,7,train
001346.npy,7,train
001347.npy,6,val
001348.npy,10,train
001349.npy,6,val
001350.npy,0,train
001351.npy,6,val
001352.npy,0,train
001353.npy,6,val
001354.npy,0,train
001355.npy,0,train
001356.npy,1,train
001357.npy,10,train
001358.npy,14,train
001359.npy,0,train
001360.npy,0,train
001361.npy,0,train
001362.npy,0,train
001363.npy,6,val
001364.npy,2,train
001365.npy,0,train
001366.npy,0,train
001367.npy,0,train
001368.npy,0,train
001369.npy,5,train
001370.npy,0,train
001371.npy,0,train
001372.npy,5,train
001373.npy,6,val
001374.npy,6,val
001375.npy,0,train
001376.npy,0,train
001377.npy,2,train
001378.npy,0,train
001379.npy,6,val
001380.npy,7,train
001381.npy,7,train
001382.npy,7,train
001383.npy,11,train
001384.npy,11,train
001385.npy,11,train
001386.npy,8,train
001387.npy,16,train
001388.npy,13,train
001389.npy,2,train
001390.npy,2,train
001391.npy,2,train
001392.npy,5,train
001393.npy,5,train
001394.npy,11,train
001395.npy,6,val
001396.npy,0,train
001397.npy,6,val
001398.npy,0,train
001399.npy,5,train
001400.npy,0,train
001401.npy,2,train
001402.npy,2,train
001403.npy,0,train
001404.npy,0,train
001405.npy,12,train
001406.npy,6,val
001407.npy,6,val
001408.npy,6,val
001409.npy,0,train
001410.npy,2,train
001411.npy,0,train
001412.npy,0,train
001413.npy,0,train
001414.npy,0,train
001415.npy,0,train
001416.npy,11,train
001417.npy,11,train
001418.npy,11,train
001419.npy,0,train
001420.npy,0,train
001421.npy,0,train
001422.npy,0,train
001423.npy,6,val
001424.npy,0,train
001425.npy,0,train
001426.npy,0,train
001427.npy,11,train
001428.npy,1,train
001429.npy,4,val
001430.npy,13,train
001431.npy,10,train
001432.npy,0,train
001433.npy,0,train
001434.npy,2,train
001435.npy,6,val
001436.npy,0,train
001437.npy,13,train
001438.npy,1,train
001439.npy,13,train
001440.npy,7,train
001441.npy,10,train
001442.npy,10,train
001443.npy,10,train
001444.npy,6,val
001445.npy,6,val
001446.npy,7,train
001447.npy,1,train
001448.npy,7,train
001449.npy,2,train
001450.npy,6,val
001451.npy,2,train
001452.npy,6,val
001453.npy,0,train
001454.npy,2,train
001455.npy,1,train
001456.npy,13,train
001457.npy,15,train
001458.npy,2,train
001459.npy,2,train
001460.npy,0,train
001461.npy,1,train
001462.npy,1,train
001463.npy,1,train
001464.npy,0,train
001465.npy,0,train
001466.npy,0,train
001467.npy,1,train
001468.npy,4,val
001469.npy,12,train
001470.npy,2,train
001471.npy,6,val
001472.npy,0,train
001473.npy,5,train
001474.npy,0,train
001475.npy,5,train
001476.npy,14,train
001477.npy,14,train
001478.npy,7,train
001479.npy,13,train
001480.npy,13,train
001481.npy,13,train
001482.npy,6,val
001483.npy,2,train
001484.npy,6,val
001485.npy,2,train
001486.npy,2,train
001487.npy,2,train
001488.npy,6,val
001489.npy,0,train
001490.npy,6,val
001491.npy,5,train
001492.npy,2,train
001493.npy,2,train
001494.npy,18,train
001495.npy,18,train
001496.npy,18,train
001497.npy,10,train
001498.npy,12,train
001499.npy,10,train
001500.npy,10,train
001501.npy,12,train
001502.npy,10,train
001503.npy,0,train
001504.npy,0,train
001505.npy,0,train
001506.npy,13,train
001507.npy,7,train
001508.npy,10,train
001509.npy,6,val
001510.npy,6,val
001511.npy,6,val
001512.npy,14,train
001513.npy,14,train
001514.npy,17,train
001515.npy,10,train
001516.npy,10,train
001517.npy,10,train
001518.npy,6,val
001519.npy,6,val
001520.npy,10,train
001521.npy,18,train
001522.npy,18,train
001523.npy,18,train
001524.npy,11,train
001525.npy,0,train
001526.npy,0,train
001527.npy,18,train
001528.npy,18,train
001529.npy,18,train
001530.npy,0,train
001531.npy,0,train
001532.npy,11,train
001533.npy,0,train
001534.npy,2,train
001535.npy,0,train
001536.npy,7,train
001537.npy,12,train
001538.npy,13,train
001539.npy,13,train
001540.npy,14,train
001541.npy,14,train
001542.npy,1,train
001543.npy,4,val
001544.npy,12,train
001545.npy,13,train
001546.npy,14,train
001547.npy,14,train
001548.npy,1,train
001549.npy,19,val
001550.npy,11,train
001551.npy,7,train
001552.npy,7,train
001553.npy,7,train
001554.npy,16,train
001555.npy,13,train
001556.npy,4,val
001557.npy,10,train
001558.npy,10,train
001559.npy,10,train
001560.npy,2,train
001561.npy,2,train
001562.npy,2,train
001563.npy,0,train
001564.npy,0,train
001565.npy,0,train
001566.npy,13,train
001567.npy,7,train
001568.npy,10,train
001569.npy,6,val
001570.npy,6,val
001571.npy,6,val
001572.npy,5,train
001573.npy,5,train
001574.npy,5,train
001575.npy,6,val
001576.npy,6,val
001577.npy,6,val
001578.npy,6,val
001579.npy,0,train
001580.npy,0,train
001581.npy,14,train
001582.npy,14,train
001583.npy,11,train
001584.npy,0,train
001585.npy,0,train
001586.npy,5,train
001587.npy,0,train
001588.npy,0,train
001589.npy,1,train
001590.npy,0,train
001591.npy,0,train
001592.npy,0,train
001593.npy,8,train
001594.npy,8,train
001595.npy,19,val
001596.npy,14,train
001597.npy,14,train
001598.npy,14,train
001599.npy,10,train
001600.npy,10,train
001601.npy,10,train
001602.npy,1,train
001603.npy,13,train
001604.npy,1,train
001605.npy,10,train
001606.npy,7,train
001607.npy,10,train
001608.npy,11,train
001609.npy,11,train
001610.npy,11,train
001611.npy,1,train
001612.npy,1,train
001613.npy,1,train
001614.npy,7,train
001615.npy,10,train
001616.npy,10,train
001617.npy,10,train
001618.npy,10,train
001619.npy,10,train
001620.npy,16,train
001621.npy,13,train
001622.npy,16,train
001623.npy,2,train
001624.npy,2,train
001625.npy,2,train
001626.npy,7,train
001627.npy,10,train
001628.npy,7,train
001629.npy,6,val
001630.npy,6,val
001631.npy,6,val
001632.npy,6,val
001633.npy,2,train
001634.npy,6,val
001635.npy,6,val
001636.npy,6,val
001637.npy,0,train
001638.npy,6,val
001639.npy,6,val
001640.npy,10,train
001641.npy,6,val
001642.npy,2,train
001643.npy,2,train
001644.npy,18,train
001645.npy,12,train
001646.npy,12,train
001647.npy,0,train
001648.npy,6,val
001649.npy,6,val
001650.npy,0,train
001651.npy,0,train
001652.npy,0,train
001653.npy,2,train
001654.npy,2,train
001655.npy,2,train
001656.npy,2,train
001657.npy,2,train
001658.npy,2,train
001659.npy,11,train
001660.npy,11,train
001661.npy,11,train
001662.npy,0,train
001663.npy,0,train
001664.npy,0,train
001665.npy,5,train
001666.npy,0,train
001667.npy,11,train
001668.npy,14,train
001669.npy,6,val
001670.npy,10,train
001671.npy,6,val
001672.npy,0,train
001673.npy,6,val
001674.npy,13,train
001675.npy,14,train
001676.npy,14,train
001677.npy,15,train
001678.npy,5,train
001679.npy,5,train
001680.npy,7,train
001681.npy,14,train
001682.npy,7,train
001683.npy,5,train
001684.npy,5,train
001685.npy,5,train
001686.npy,7,train
001687.npy,10,train
001688.npy,7,train
001689.npy,13,train
001690.npy,13,train
001691.npy,13,train
001692.npy,6,val
001693.npy,6,val
001694.npy,6,val
001695.npy,2,train
001696.npy,0,train
001697.npy,5,train
001698.npy,14,train
001699.npy,14,train
001700.npy,14,train
001701.npy,6,val
001702.npy,6,val
001703.npy,6,val
001704.npy,6,val
001705.npy,6,val
001706.npy,6,val
001707.npy,10,train
001708.npy,10,train
001709.npy,10,train
001710.npy,0,train
001711.npy,5,train
001712.npy,0,train
001713.npy,0,train
001714.npy,6,val
001715.npy,6,val
001716.npy,5,train
001717.npy,5,train
001718.npy,15,train
001719.npy,12,train
001720.npy,6,val
001721.npy,10,train
001722.npy,11,train
001723.npy,11,train
001724.npy,11,train
001725.npy,6,val
001726.npy,0,train
001727.npy,0,train
001728.npy,11,train
001729.npy,11,train
001730.npy,14,train
001731.npy,6,val
001732.npy,6,val
001733.npy,0,train
001734.npy,0,train
001735.npy,6,val
001736.npy,10,train
001737.npy,0,train
001738.npy,6,val
001739.npy,6,val
001740.npy,6,val
001741.npy,1,train
001742.npy,8,train
001743.npy,14,train
001744.npy,10,train
001745.npy,10,train
001746.npy,5,train
001747.npy,0,train
001748.npy,0,train
001749.npy,13,train
001750.npy,14,train
001751.npy,11,train
001752.npy,0,train
001753.npy,0,train
001754.npy,0,train
001755.npy,0,train
001756.npy,5,train
001757.npy,6,val
001758.npy,6,val
001759.npy,18,train
001760.npy,18,train
001761.npy,6,val
001762.npy,6,val
001763.npy,6,val
001764.npy,7,train
001765.npy,7,train
001766.npy,7,train
001767.npy,0,train
001768.npy,0,train
001769.npy,6,val
001770.npy,10,train
001771.npy,7,train
001772.npy,5,train
001773.npy,0,train
001774.npy,0,train
001775.npy,6,val
001776.npy,10,train
001777.npy,6,val
001778.npy,6,val
001779.npy,0,train
001780.npy,0,train
001781.npy,0,train
001782.npy,18,train
001783.npy,5,train
001784.npy,5,train
001785.npy,6,val
001786.npy,7,train
001787.npy,7,train
001788.npy,8,train
001789.npy,8,train
001790.npy,8,train
001791.npy,0,train
001792.npy,0,train
001793.npy,0,train
001794.npy,6,val
001795.npy,6,val
001796.npy,6,val
001797.npy,13,train
001798.npy,1,train
001799.npy,14,train
001800.npy,14,train
001801.npy,14,train
001802.npy,14,train
001803.npy,12,train
001804.npy,7,train
001805.npy,17,train
001806.npy,13,train
001807.npy,7,train
001808.npy,7,train
001809.npy,14,train
001810.npy,13,train
001811.npy,13,train
001812.npy,0,train
001813.npy,0,train
001814.npy,2,train
001815.npy,14,train
001816.npy,13,train
001817.npy,10,train
001818.npy,5,train
001819.npy,11,train
001820.npy,5,train
001821.npy,18,train
001822.npy,11,train
001823.npy,18,train
001824.npy,2,train
001825.npy,0,train
001826.npy,2,train
001827.npy,0,train
001828.npy,0,train
001829.npy,0,train
001830.npy,7,train
001831.npy,7,train
001832.npy,7,train
001833.npy,6,val
001834.npy,0,train
001835.npy,0,train
001836.npy,8,train
001837.npy,8,train
001838.npy,8,train
001839.npy,14,train
001840.npy,10,train
001841.npy,14,train
001842.npy,5,train
001843.npy,2,train
001844.npy,5,train
001845.npy,11,train
001846.npy,11,train
001847.npy,0,train
001848.npy,5,train
001849.npy,15,train
001850.npy,15,train
001851.npy,3,train
001852.npy,8,train
001853.npy,17,train
001854.npy,8,train
001855.npy,8,train
001856.npy,12,train
001857.npy,8,train
001858.npy,3,train
001859.npy,19,val
001860.npy,5,train
001861.npy,5,train
001862.npy,5,train
001863.npy,5,train
001864.npy,5,train
001865.npy,5,train
001866.npy,1,train
001867.npy,15,train
001868.npy,3,train
001869.npy,15,train
001870.npy,3,train
001871.npy,19,val
001872.npy,5,train
001873.npy,5,train
001874.npy,5,train
001875.npy,17,train
001876.npy,17,train
001877.npy,1,train
001878.npy,17,train
001879.npy,3,train
001880.npy,15,train
001881.npy,12,train
001882.npy,6,val
001883.npy,12,train
001884.npy,4,val
001885.npy,10,train
001886.npy,1,train
001887.npy,12,train
001888.npy,2,train
001889.npy,19,val
001890.npy,8,train
001891.npy,0,train
001892.npy,19,val
001893.npy,5,train
001894.npy,19,val
001895.npy,5,train
001896.npy,13,train
001897.npy,2,train
001898.npy,2,train
001899.npy,12,train
001900.npy,8,train
001901.npy,2,train
001902.npy,6,val
001903.npy,3,train
001904.npy,3,train
001905.npy,19,val
001906.npy,3,train
001907.npy,8,train
001908.npy,1,train
001909.npy,3,train
001910.npy,12,train
001911.npy,5,train
001912.npy,19,val
001913.npy,19,val
001914.npy,2,train
001915.npy,5,train
001916.npy,15,train
001917.npy,19,val
001918.npy,12,train
001919.npy,1,train
001920.npy,5,train
001921.npy,5,train
001922.npy,5,train
001923.npy,13,train
001924.npy,15,train
001925.npy,15,train
001926.npy,15,train
001927.npy,17,train
001928.npy,13,train
001929.npy,2,train
001930.npy,15,train
001931.npy,5,train
001932.npy,8,train
001933.npy,8,train
001934.npy,8,train
001935.npy,5,train
001936.npy,5,train
001937.npy,5,train
001938.npy,2,train
001939.npy,10,train
001940.npy,2,train
001941.npy,8,train
001942.npy,12,train
001943.npy,19,val
001944.npy,15,train
001945.npy,15,train
001946.npy,15,train
001947.npy,13,train
001948.npy,0,train
001949.npy,13,train
001950.npy,8,train
001951.npy,3,train
001952.npy,8,train
001953.npy,5,train
001954.npy,6,val
001955.npy,5,train
001956.npy,5,train
001957.npy,5,train
001958.npy,6,val
001959.npy,1,train
001960.npy,6,val
001961.npy,1,train
001962.npy,15,train
001963.npy,0,train
001964.npy,19,val
001965.npy,15,train
001966.npy,15,train
001967.npy,15,train
001968.npy,0,train
001969.npy,2,train
001970.npy,2,train
001971.npy,19,val
001972.npy,6,val
001973.npy,0,train
001974.npy,17,train
001975.npy,17,train
001976.npy,7,train
001977.npy,1,train
001978.npy,17,train
001979.npy,6,val
001980.npy,5,train
001981.npy,0,train
001982.npy,8,train
001983.npy,12,train
001984.npy,15,train
001985.npy,3,train
001986.npy,3,train
001987.npy,5,train
001988.npy,8,train
001989.npy,8,train
001990.npy,8,train
001991.npy,8,train
001992.npy,0,train
001993.npy,5,train
001994.npy,8,train
001995.npy,5,train
001996.npy,15,train
001997.npy,5,train
001998.npy,15,train
001999.npy,15,train
002000.npy,15,train
002001.npy,0,train
002002.npy,2,train
002003.npy,6,val
002004.npy,12,train
002005.npy,15,train
002006.npy,19,val
002007.npy,15,train
002008.npy,5,train
002009.npy,19,val
002010.npy,11,train
002011.npy,8,train
002012.npy,12,train
002013.npy,0,train
002014.npy,15,train
002015.npy,5,train
002016.npy,2,train
002017.npy,5,train
002018.npy,2,train
002019.npy,15,train
002020.npy,19,val
002021.npy,0,train
002022.npy,19,val
002023.npy,6,val
002024.npy,5,train
002025.npy,15,train
002026.npy,15,train
002027.npy,15,train
002028.npy,5,train
002029.npy,5,train
002030.npy,5,train
002031.npy,5,train
002032.npy,0,train
002033.npy,0,train
002034.npy,5,train
002035.npy,2,train
002036.npy,15,train
002037.npy,5,train
002038.npy,5,train
002039.npy,8,train
002040.npy,1,train
002041.npy,6,val
002042.npy,15,train
002043.npy,15,train
002044.npy,15,train
002045.npy,15,train
002046.npy,12,train
002047.npy,3,train
002048.npy,13,train
002049.npy,6,val
002050.npy,7,train
002051.npy,0,train
002052.npy,15,train
002053.npy,2,train
002054.npy,5,train
002055.npy,5,train
002056.npy,8,train
002057.npy,19,val
002058.npy,8,train
002059.npy,3,train
002060.npy,15,train
002061.npy,15,train
002062.npy,3,train
002063.npy,19,val
002064.npy,15,train
002065.npy,3,train
002066.npy,17,train
002067.npy,17,train
002068.npy,12,train
002069.npy,12,train
002070.npy,5,train
002071.npy,5,train
002072.npy,19,val
002073.npy,12,train
002074.npy,3,train
002075.npy,15,train
002076.npy,15,train
002077.npy,5,train
002078.npy,3,train
002079.npy,19,val
002080.npy,8,train
002081.npy,0,train
002082.npy,15,train
002083.npy,5,train
002084.npy,6,val
002085.npy,15,train
002086.npy,15,train
002087.npy,15,train
002088.npy,4,val
002089.npy,13,train
002090.npy,17,train
002091.npy,6,val
002092.npy,5,train
002093.npy,15,train
002094.npy,13,train
002095.npy,7,train
002096.npy,1,train
002097.npy,15,train
002098.npy,5,train
002099.npy,5,train
002100.npy,15,train
002101.npy,2,train
002102.npy,5,train
002103.npy,17,train
002104.npy,19,val
002105.npy,15,train
002106.npy,17,train
002107.npy,6,val
002108.npy,12,train
002109.npy,3,train
002110.npy,3,train
002111.npy,8,train
002112.npy,3,train
002113.npy,3,train
002114.npy,17,train
002115.npy,0,train
002116.npy,17,train
002117.npy,5,train
002118.npy,15,train
002119.npy,15,train
002120.npy,5,train
002121.npy,1,train
002122.npy,3,train
002123.npy,2,train
002124.npy,5,train
002125.npy,3,train
002126.npy,15,train
002127.npy,5,train
002128.npy,6,val
002129.npy,5,train
002130.npy,1,train
002131.npy,8,train
002132.npy,3,train
002133.npy,10,train
002134.npy,7,train
002135.npy,10,train
002136.npy,7,train
002137.npy,7,train
002138.npy,7,train
002139.npy,12,train
002140.npy,6,val
002141.npy,7,train
002142.npy,8,train
002143.npy,8,train
002144.npy,8,train
002145.npy,1,train
002146.npy,12,train
002147.npy,1,train
002148.npy,10,train
002149.npy,10,train
002150.npy,6,val
002151.npy,7,train
002152.npy,4,val
002153.npy,7,train
002154.npy,16,train
002155.npy,16,train
002156.npy,16,train
002157.npy,5,train
002158.npy,6,val
002159.npy,6,val
002160.npy,8,train
002161.npy,8,train
002162.npy,8,train
002163.npy,8,train
002164.npy,8,train
002165.npy,8,train
002166.npy,7,train
002167.npy,10,train
002168.npy,10,train
002169.npy,6,val
002170.npy,6,val
002171.npy,6,val
002172.npy,8,train
002173.npy,8,train
002174.npy,8,train
002175.npy,14,train
002176.npy,14,train
002177.npy,14,train
002178.npy,7,train
002179.npy,10,train
002180.npy,10,train
002181.npy,0,train
002182.npy,0,train
002183.npy,0,train
002184.npy,10,train
002185.npy,10,train
002186.npy,7,train
002187.npy,15,train
002188.npy,6,val
002189.npy,5,train
002190.npy,4,val
002191.npy,7,train
002192.npy,10,train
002193.npy,11,train
002194.npy,11,train
002195.npy,11,train
002196.npy,10,train
002197.npy,6,val
002198.npy,6,val
002199.npy,13,train
002200.npy,13,train
002201.npy,13,train
002202.npy,6,val
002203.npy,0,train
002204.npy,6,val
002205.npy,7,train
002206.npy,4,val
002207.npy,13,train
002208.npy,10,train
002209.npy,7,train
002210.npy,10,train
002211.npy,0,train
002212.npy,0,train
002213.npy,0,train
002214.npy,7,train
002215.npy,7,train
002216.npy,7,train
002217.npy,5,train
002218.npy,5,train
002219.npy,5,train
002220.npy,6,val
002221.npy,6,val
002222.npy,6,val
002223.npy,5,train
002224.npy,5,train
002225.npy,15,train
002226.npy,0,train
002227.npy,0,train
002228.npy,0,train
002229.npy,1,train
002230.npy,0,train
002231.npy,1,train
002232.npy,7,train
002233.npy,4,val
002234.npy,7,train
002235.npy,6,val
002236.npy,6,val
002237.npy,6,val
002238.npy,6,val
002239.npy,10,train
002240.npy,10,train
002241.npy,0,train
002242.npy,6,val
002243.npy,0,train
002244.npy,7,train
002245.npy,7,train
002246.npy,7,train
002247.npy,4,val
002248.npy,4,val
002249.npy,4,val
002250.npy,7,train
002251.npy,10,train
002252.npy,10,train
002253.npy,0,train
002254.npy,0,train
002255.npy,6,val
002256.npy,5,train
002257.npy,3,train
002258.npy,6,val
002259.npy,4,val
002260.npy,4,val
002261.npy,4,val
002262.npy,18,train
002263.npy,18,train
002264.npy,18,train
002265.npy,8,train
002266.npy,17,train
002267.npy,8,train
002268.npy,5,train
002269.npy,5,train
002270.npy,5,train
002271.npy,4,val
002272.npy,4,val
002273.npy,4,val
002274.npy,7,train
002275.npy,7,train
002276.npy,7,train
002277.npy,7,train
002278.npy,7,train
002279.npy,7,train
002280.npy,8,train
002281.npy,8,train
002282.npy,1,train
002283.npy,6,val
002284.npy,0,train
002285.npy,0,train
002286.npy,0,train
002287.npy,0,train
002288.npy,0,train
002289.npy,10,train
002290.npy,10,train
002291.npy,10,train
002292.npy,10,train
002293.npy,10,train
002294.npy,6,val
002295.npy,7,train
002296.npy,7,train
002297.npy,7,train
002298.npy,10,train
002299.npy,10,train
002300.npy,10,train
002301.npy,7,train
002302.npy,7,train
002303.npy,7,train
002304.npy,0,train
002305.npy,0,train
002306.npy,6,val
002307.npy,6,val
002308.npy,0,train
002309.npy,0,train
002310.npy,6,val
002311.npy,10,train
002312.npy,10,train
002313.npy,12,train
002314.npy,1,train
002315.npy,1,train
002316.npy,10,train
002317.npy,10,train
002318.npy,10,train
002319.npy,4,val
002320.npy,4,val
002321.npy,4,val
002322.npy,8,train
002323.npy,5,train
002324.npy,0,train
002325.npy,10,train
002326.npy,6,val
002327.npy,10,train
002328.npy,3,train
002329.npy,5,train
002330.npy,19,val
002331.npy,6,val
002332.npy,6,val
002333.npy,5,train
002334.npy,5,train
002335.npy,5,train
002336.npy,8,train
002337.npy,1,train
002338.npy,7,train
002339.npy,10,train
002340.npy,6,val
002341.npy,10,train
002342.npy,6,val
002343.npy,10,train
002344.npy,10,train
002345.npy,10,train
002346.npy,6,val
002347.npy,6,val
002348.npy,6,val
002349.npy,10,train
002350.npy,7,train
002351.npy,7,train
002352.npy,13,train
002353.npy,12,train
002354.npy,13,train
002355.npy,8,train
002356.npy,8,train
002357.npy,8,train
002358.npy,10,train
002359.npy,10,train
002360.npy,6,val
002361.npy,0,train
002362.npy,0,train
002363.npy,6,val
002364.npy,0,train
002365.npy,6,val
002366.npy,0,train
002367.npy,6,val
002368.npy,0,train
002369.npy,6,val
002370.npy,10,train
002371.npy,10,train
002372.npy,6,val
002373.npy,10,train
002374.npy,10,train
002375.npy,10,train
002376.npy,6,val
002377.npy,10,train
002378.npy,6,val
002379.npy,6,val
002380.npy,6,val
002381.npy,8,train
002382.npy,14,train
002383.npy,13,train
002384.npy,14,train
002385.npy,7,train
002386.npy,13,train
002387.npy,7,train
002388.npy,0,train
002389.npy,7,train
002390.npy,7,train
002391.npy,8,train
002392.npy,6,val
002393.npy,0,train
002394.npy,13,train
002395.npy,4,val
002396.npy,4,val
002397.npy,4,val
002398.npy,13,train
002399.npy,7,train
002400.npy,8,train
002401.npy,1,train
002402.npy,1,train
002403.npy,13,train
002404.npy,10,train
002405.npy,19,val
002406.npy,10,train
002407.npy,10,train
002408.npy,6,val
002409.npy,4,val
002410.npy,4,val
002411.npy,7,train
002412.npy,10,train
002413.npy,10,train
002414.npy,10,train
002415.npy,6,val
002416.npy,6,val
002417.npy,10,train
002418.npy,6,val
002419.npy,0,train
002420.npy,6,val
002421.npy,13,train
002422.npy,13,train
002423.npy,13,train
002424.npy,1,train
002425.npy,1,train
002426.npy,10,train
002427.npy,4,val
002428.npy,7,train
002429.npy,7,train
002430.npy,11,train
002431.npy,11,train
002432.npy,11,train
002433.npy,6,val
002434.npy,1,train
002435.npy,0,train
002436.npy,5,train
002437.npy,14,train
002438.npy,10,train
002439.npy,0,train
002440.npy,12,train
002441.npy,6,val
002442.npy,10,train
002443.npy,7,train
002444.npy,6,val
002445.npy,10,train
002446.npy,10,train
002447.npy,10,train
002448.npy,0,train
002449.npy,6,val
002450.npy,10,train
002451.npy,2,train
002452.npy,13,train
002453.npy,2,train
002454.npy,7,train
002455.npy,7,train
002456.npy,7,train
002457.npy,5,train
002458.npy,5,train
002459.npy,5,train
002460.npy,3,train
002461.npy,0,train
002462.npy,6,val
002463.npy,10,train
002464.npy,0,train
002465.npy,7,train
002466.npy,4,val
002467.npy,4,val
002468.npy,4,val
002469.npy,14,train
002470.npy,14,train
002471.npy,14,train
002472.npy,1,train
002473.npy,6,val
002474.npy,6,val
002475.npy,7,train
002476.npy,7,train
002477.npy,10,train
002478.npy,0,train
002479.npy,0,train
002480.npy,0,train
002481.npy,7,train
002482.npy,4,val
002483.npy,7,train
002484.npy,4,val
002485.npy,7,train
002486.npy,4,val
002487.npy,10,train
002488.npy,7,train
002489.npy,7,train
002490.npy,10,train
002491.npy,10,train
002492.npy,10,train
002493.npy,1,train
002494.npy,13,train
002495.npy,12,train
002496.npy,0,train
002497.npy,0,train
002498.npy,6,val
002499.npy,7,train
002500.npy,7,train
002501.npy,7,train
002502.npy,0,train
002503.npy,6,val
002504.npy,6,val
002505.npy,18,train
002506.npy,5,train
002507.npy,18,train
002508.npy,10,train
002509.npy,7,train
002510.npy,7,train
002511.npy,6,val
002512.npy,6,val
002513.npy,6,val
002514.npy,4,val
002515.npy,4,val
002516.npy,4,val
002517.npy,7,train
002518.npy,7,train
002519.npy,7,train
002520.npy,4,val
002521.npy,7,train
002522.npy,4,val
002523.npy,7,train
002524.npy,1,train
002525.npy,10,train
002526.npy,18,train
002527.npy,18,train
002528.npy,9,train
002529.npy,6,val
002530.npy,6,val
002531.npy,6,val
002532.npy,6,val
002533.npy,6,val
002534.npy,6,val
002535.npy,4,val
002536.npy,4,val
002537.npy,13,train
002538.npy,5,train
002539.npy,5,train
002540.npy,0,train
002541.npy,4,val
002542.npy,4,val
002543.npy,16,train
002544.npy,6,val
002545.npy,0,train
002546.npy,6,val
002547.npy,10,train
002548.npy,0,train
002549.npy,6,val
002550.npy,8,train
002551.npy,12,train
002552.npy,2,train
002553.npy,10,train
002554.npy,10,train
002555.npy,12,train
002556.npy,7,train
002557.npy,7,train
002558.npy,7,train
002559.npy,0,train
002560.npy,10,train
002561.npy,10,train
002562.npy,0,train
002563.npy,0,train
002564.npy,0,train
002565.npy,6,val
002566.npy,6,val
002567.npy,6,val
002568.npy,10,train
002569.npy,10,train
002570.npy,6,val
002571.npy,18,train
002572.npy,18,train
002573.npy,18,train
002574.npy,6,val
002575.npy,0,train
002576.npy,10,train
002577.npy,13,train
002578.npy,13,train
002579.npy,13,train
002580.npy,10,train
002581.npy,10,train
002582.npy,10,train
002583.npy,7,train
002584.npy,6,val
002585.npy,7,train
002586.npy,7,train
002587.npy,7,train
002588.npy,7,train
002589.npy,0,train
002590.npy,5,train
002591.npy,5,train
002592.npy,4,val
002593.npy,4,val
002594.npy,4,val
002595.npy,2,train
002596.npy,2,train
002597.npy,1,train
002598.npy,0,train
002599.npy,2,train
002600.npy,0,train
002601.npy,14,train
002602.npy,14,train
002603.npy,0,train
002604.npy,5,train
002605.npy,5,train
002606.npy,5,train
002607.npy,10,train
002608.npy,7,train
002609.npy,12,train
002610.npy,0,train
002611.npy,0,train
002612.npy,0,train
002613.npy,14,train
002614.npy,14,train
002615.npy,14,train
002616.npy,6,val
002617.npy,6,val
002618.npy,7,train
002619.npy,6,val
002620.npy,6,val
002621.npy,1,train
002622.npy,10,train
002623.npy,0,train
002624.npy,6,val
002625.npy,7,train
002626.npy,7,train
002627.npy,10,train
002628.npy,2,train
002629.npy,6,val
002630.npy,6,val
002631.npy,10,train
002632.npy,6,val
002633.npy,6,val
002634.npy,7,train
002635.npy,4,val
002636.npy,4,val
002637.npy,11,train
002638.npy,11,train
002639.npy,11,train
002640.npy,5,train
002641.npy,5,train
002642.npy,5,train
002643.npy,7,train
002644.npy,1,train
002645.npy,7,train
002646.npy,17,train
002647.npy,6,val
002648.npy,3,train
002649.npy,14,train
002650.npy,14,train
002651.npy,14,train
002652.npy,6,val
002653.npy,8,train
002654.npy,6,val
002655.npy,10,train
002656.npy,6,val
002657.npy,7,train
002658.npy,13,train
002659.npy,13,train
002660.npy,13,train
002661.npy,4,val
002662.npy,4,val
002663.npy,4,val
002664.npy,10,train
002665.npy,10,train
002666.npy,1,train
002667.npy,7,train
002668.npy,7,train
002669.npy,7,train
002670.npy,6,val
002671.npy,6,val
002672.npy,0,train
002673.npy,0,train
002674.npy,5,train
002675.npy,8,train
002676.npy,6,val
002677.npy,6,val
002678.npy,14,train
002679.npy,11,train
002680.npy,0,train
002681.npy,11,train
002682.npy,4,val
002683.npy,7,train
002684.npy,4,val
002685.npy,4,val
002686.npy,4,val
002687.npy,4,val
002688.npy,7,train
002689.npy,7,train
002690.npy,10,train
002691.npy,10,train
002692.npy,10,train
002693.npy,10,train
002694.npy,13,train
002695.npy,13,train
002696.npy,13,train
002697.npy,6,val
002698.npy,6,val
002699.npy,6,val
002700.npy,10,train
002701.npy,10,train
002702.npy,10,train
002703.npy,10,train
002704.npy,6,val
002705.npy,13,train
002706.npy,19,val
002707.npy,19,val
002708.npy,1,train
002709.npy,7,train
002710.npy,4,val
002711.npy,7,train
002712.npy,3,train
002713.npy,2,train
002714.npy,3,train
002715.npy,11,train
002716.npy,11,train
002717.npy,11,train
002718.npy,11,train
002719.npy,11,train
002720.npy,11,train
002721.npy,10,train
002722.npy,10,train
002723.npy,10,train
002724.npy,5,train
002725.npy,5,train
002726.npy,5,train
002727.npy,13,train
002728.npy,13,train
002729.npy,13,train
002730.npy,12,train
002731.npy,13,train
002732.npy,7,train
002733.npy,8,train
002734.npy,5,train
002735.npy,5,train
002736.npy,13,train
002737.npy,13,train
002738.npy,13,train
002739.npy,17,train
002740.npy,10,train
002741.npy,19,val
002742.npy,7,train
002743.npy,10,train
002744.npy,10,train
002745.npy,1,train
002746.npy,13,train
002747.npy,1,train
002748.npy,8,train
002749.npy,10,train
002750.npy,10,train
002751.npy,10,train
002752.npy,7,train
002753.npy,6,val
002754.npy,10,train
002755.npy,12,train
002756.npy,12,train
002757.npy,8,train
002758.npy,8,train
002759.npy,8,train
002760.npy,15,train
002761.npy,15,train
002762.npy,5,train
002763.npy,8,train
002764.npy,5,train
002765.npy,17,train
002766.npy,15,train
002767.npy,3,train
002768.npy,15,train
002769.npy,1,train
002770.npy,1,train
002771.npy,1,train
002772.npy,1,train
002773.npy,12,train
002774.npy,12,train
002775.npy,5,train
002776.npy,15,train
002777.npy,15,train
002778.npy,1,train
002779.npy,10,train
002780.npy,17,train
002781.npy,5,train
002782.npy,5,train
002783.npy,15,train
002784.npy,11,train
002785.npy,14,train
002786.npy,14,train
002787.npy,4,val
002788.npy,4,val
002789.npy,4,val
002790.npy,18,train
002791.npy,15,train
002792.npy,15,train
002793.npy,7,train
002794.npy,1,train
002795.npy,3,train
002796.npy,19,val
002797.npy,8,train
002798.npy,0,train
002799.npy,6,val
002800.npy,1,train
002801.npy,1,train
002802.npy,12,train
002803.npy,8,train
002804.npy,10,train
002805.npy,7,train
002806.npy,7,train
002807.npy,13,train
002808.npy,11,train
002809.npy,11,train
002810.npy,11,train
002811.npy,15,train
002812.npy,3,train
002813.npy,12,train
002814.npy,8,train
002815.npy,15,train
002816.npy,15,train
002817.npy,3,train
002818.npy,15,train
002819.npy,3,train
002820.npy,13,train
002821.npy,13,train
002822.npy,14,train
002823.npy,8,train
002824.npy,6,val
002825.npy,3,train
002826.npy,5,train
002827.npy,8,train
002828.npy,3,train
002829.npy,1,train
002830.npy,1,train
002831.npy,1,train
002832.npy,7,train
002833.npy,4,val
002834.npy,7,train
002835.npy,19,val
002836.npy,15,train
002837.npy,3,train
002838.npy,11,train
002839.npy,11,train
002840.npy,11,train
002841.npy,1,train
002842.npy,12,train
002843.npy,12,train
002844.npy,14,train
002845.npy,14,train
002846.npy,14,train
002847.npy,14,train
002848.npy,14,train
002849.npy,14,train
002850.npy,14,train
002851.npy,13,train
002852.npy,14,train
002853.npy,3,train
002854.npy,8,train
002855.npy,1,train
002856.npy,3,train
002857.npy,17,train
002858.npy,1,train
002859.npy,15,train
002860.npy,15,train
002861.npy,5,train
002862.npy,14,train
002863.npy,14,train
002864.npy,14,train
002865.npy,15,train
002866.npy,5,train
002867.npy,15,train
002868.npy,13,train
002869.npy,13,train
002870.npy,13,train
002871.npy,15,train
002872.npy,7,train
002873.npy,7,train
002874.npy,5,train
002875.npy,5,train
002876.npy,5,train
002877.npy,13,train
002878.npy,13,train
002879.npy,12,train
002880.npy,13,train
002881.npy,10,train
002882.npy,10,train
002883.npy,13,train
002884.npy,13,train
002885.npy,13,train
002886.npy,12,train
002887.npy,1,train
002888.npy,7,train
002889.npy,8,train
002890.npy,6,val
002891.npy,0,train
002892.npy,1,train
002893.npy,19,val
002894.npy,12,train
002895.npy,3,train
002896.npy,0,train
002897.npy,10,train
002898.npy,3,train
002899.npy,8,train
002900.npy,8,train
002901.npy,1,train
002902.npy,10,train
002903.npy,10,train
002904.npy,8,train
002905.npy,5,train
002906.npy,15,train
002907.npy,13,train
002908.npy,13,train
002909.npy,13,train
002910.npy,3,train
002911.npy,15,train
002912.npy,8,train
002913.npy,8,train
002914.npy,17,train
002915.npy,8,train
002916.npy,5,train
002917.npy,8,train
002918.npy,8,train
002919.npy,1,train
002920.npy,19,val
002921.npy,12,train
002922.npy,14,train
002923.npy,14,train
002924.npy,14,train
002925.npy,14,train
002926.npy,14,train
002927.npy,13,train
002928.npy,12,train
002929.npy,6,val
002930.npy,6,val
002931.npy,7,train
002932.npy,1,train
002933.npy,17,train
002934.npy,5,train
002935.npy,5,train
002936.npy,5,train
002937.npy,15,train
002938.npy,5,train
002939.npy,5,train
002940.npy,14,train
002941.npy,14,train
002942.npy,14,train
002943.npy,1,train
002944.npy,17,train
002945.npy,8,train
002946.npy,13,train
002947.npy,13,train
002948.npy,13,train
002949.npy,5,train
002950.npy,3,train
002951.npy,5,train
002952.npy,4,val
002953.npy,7,train
002954.npy,12,train
002955.npy,1,train
002956.npy,12,train
002957.npy,5,train
002958.npy,11,train
002959.npy,11,train
002960.npy,11,train
002961.npy,4,val
002962.npy,3,train
002963.npy,4,val
002964.npy,10,train
002965.npy,6,val
002966.npy,6,val
002967.npy,8,train
002968.npy,1,train
002969.npy,3,train
002970.npy,12,train
002971.npy,19,val
002972.npy,12,train
002973.npy,7,train
002974.npy,12,train
002975.npy,17,train
002976.npy,8,train
002977.npy,0,train
002978.npy,18,train
002979.npy,6,val
002980.npy,12,train
002981.npy,5,train
002982.npy,3,train
002983.npy,1,train
002984.npy,12,train
002985.npy,5,train
002986.npy,8,train
002987.npy,3,train
002988.npy,1,train
002989.npy,12,train
002990.npy,8,train
002991.npy,12,train
002992.npy,5,train
002993.npy,1,train
002994.npy,14,train
002995.npy,11,train
002996.npy,14,train
002997.npy,18,train
002998.npy,11,train
002999.npy,1,train
003000.npy,3,train
003001.npy,8,train
003002.npy,8,train
003003.npy,11,train
003004.npy,3,train
003005.npy,5,train
003006.npy,8,train
003007.npy,1,train
003008.npy,1,train
003009.npy,5,train
003010.npy,8,train
003011.npy,5,train
003012.npy,14,train
003013.npy,14,train
003014.npy,14,train
003015.npy,8,train
003016.npy,8,train
003017.npy,8,train
003018.npy,11,train
003019.npy,11,train
003020.npy,11,train
003021.npy,5,train
003022.npy,11,train
003023.npy,11,train
003024.npy,1,train
003025.npy,8,train
003026.npy,8,train
003027.npy,17,train
003028.npy,19,val
003029.npy,1,train
003030.npy,7,train
003031.npy,1,train
003032.npy,13,train
003033.npy,4,val
003034.npy,19,val
003035.npy,17,train
003036.npy,3,train
003037.npy,6,val
003038.npy,6,val
003039.npy,15,train
003040.npy,5,train
003041.npy,5,train
003042.npy,14,train
003043.npy,14,train
003044.npy,14,train
003045.npy,5,train
003046.npy,15,train
003047.npy,15,train
003048.npy,17,train
003049.npy,1,train
003050.npy,1,train
003051.npy,17,train
003052.npy,17,train
003053.npy,1,train
003054.npy,3,train
003055.npy,5,train
003056.npy,19,val
003057.npy,12,train
003058.npy,8,train
003059.npy,13,train
003060.npy,14,train
003061.npy,14,train
003062.npy,13,train
003063.npy,5,train
003064.npy,8,train
003065.npy,19,val
003066.npy,6,val
003067.npy,12,train
003068.npy,6,val
003069.npy,3,train
003070.npy,3,train
003071.npy,5,train
003072.npy,13,train
003073.npy,13,train
003074.npy,13,train
003075.npy,8,train
003076.npy,8,train
003077.npy,8,train
003078.npy,16,train
003079.npy,14,train
003080.npy,13,train
003081.npy,11,train
003082.npy,18,train
003083.npy,18,train
003084.npy,6,val
003085.npy,10,train
003086.npy,10,train
003087.npy,17,train
003088.npy,19,val
003089.npy,1,train
003090.npy,1,train
003091.npy,1,train
003092.npy,1,train
003093.npy,8,train
003094.npy,5,train
003095.npy,8,train
003096.npy,5,train
003097.npy,5,train
003098.npy,5,train
003099.npy,1,train
003100.npy,1,train
003101.npy,8,train
003102.npy,5,train
003103.npy,8,train
003104.npy,8,train
003105.npy,17,train
003106.npy,8,train
003107.npy,19,val
003108.npy,14,train
003109.npy,14,train
003110.npy,14,train
003111.npy,17,train
003112.npy,13,train
003113.npy,4,val
003114.npy,5,train
003115.npy,15,train
003116.npy,15,train
003117.npy,7,train
003118.npy,17,train
003119.npy,17,train
003120.npy,7,train
003121.npy,12,train
003122.npy,17,train
003123.npy,6,val
003124.npy,12,train
003125.npy,4,val
003126.npy,8,train
003127.npy,8,train
003128.npy,8,train
003129.npy,12,train
003130.npy,1,train
003131.npy,1,train
003132.npy,6,val
003133.npy,6,val
003134.npy,6,val
003135.npy,1,train
003136.npy,13,train
003137.npy,13,train
003138.npy,13,train
003139.npy,13,train
003140.npy,13,train
003141.npy,7,train
003142.npy,4,val
003143.npy,4,val
003144.npy,12,train
003145.npy,17,train
003146.npy,17,train
003147.npy,10,train
003148.npy,17,train
003149.npy,5,train
003150.npy,8,train
003151.npy,17,train
003152.npy,12,train
003153.npy,14,train
003154.npy,11,train
003155.npy,14,train
003156.npy,1,train
003157.npy,19,val
003158.npy,3,train
003159.npy,1,train
003160.npy,12,train
003161.npy,13,train
003162.npy,18,train
003163.npy,15,train
003164.npy,15,train
003165.npy,17,train
003166.npy,1,train
003167.npy,17,train
003168.npy,2,train
003169.npy,10,train
003170.npy,1,train
003171.npy,8,train
003172.npy,8,train
003173.npy,8,train
003174.npy,12,train
003175.npy,13,train
003176.npy,1,train
003177.npy,12,train
003178.npy,13,train
003179.npy,12,train
003180.npy,19,val
003181.npy,1,train
003182.npy,19,val
003183.npy,11,train
003184.npy,11,train
003185.npy,11,train
003186.npy,19,val
003187.npy,0,train
003188.npy,17,train
003189.npy,3,train
003190.npy,5,train
003191.npy,8,train
003192.npy,8,train
003193.npy,1,train
003194.npy,1,train
003195.npy,5,train
003196.npy,5,train
003197.npy,5,train
003198.npy,17,train
003199.npy,12,train
003200.npy,1,train
003201.npy,13,train
003202.npy,13,train
003203.npy,13,train
003204.npy,12,train
003205.npy,7,train
003206.npy,7,train
003207.npy,5,train
003208.npy,8,train
003209.npy,5,train
003210.npy,11,train
003211.npy,11,train
003212.npy,11,train
003213.npy,1,train
003214.npy,1,train
003215.npy,8,train
003216.npy,4,val
003217.npy,3,train
003218.npy,8,train
003219.npy,6,val
003220.npy,0,train
003221.npy,6,val
003222.npy,17,train
003223.npy,8,train
003224.npy,8,train
003225.npy,6,val
003226.npy,1,train
003227.npy,1,train
003228.npy,11,train
003229.npy,3,train
003230.npy,11,train
003231.npy,5,train
003232.npy,3,train
003233.npy,5,train
003234.npy,19,val
003235.npy,10,train
003236.npy,17,train
003237.npy,1,train
003238.npy,13,train
003239.npy,1,train
003240.npy,13,train
003241.npy,13,train
003242.npy,13,train
003243.npy,11,train
003244.npy,11,train
003245.npy,11,train
003246.npy,8,train
003247.npy,8,train
003248.npy,3,train
003249.npy,13,train
003250.npy,13,train
003251.npy,13,train
003252.npy,11,train
003253.npy,11,train
003254.npy,11,train
003255.npy,14,train
003256.npy,14,train
003257.npy,14,train
003258.npy,6,val
003259.npy,8,train
003260.npy,13,train
003261.npy,19,val
003262.npy,17,train
003263.npy,3,train
003264.npy,17,train
003265.npy,17,train
003266.npy,12,train
003267.npy,17,train
003268.npy,5,train
003269.npy,5,train
003270.npy,8,train
003271.npy,12,train
003272.npy,19,val
003273.npy,8,train
003274.npy,8,train
003275.npy,8,train
003276.npy,8,train
003277.npy,1,train
003278.npy,8,train
003279.npy,3,train
003280.npy,8,train
003281.npy,8,train
003282.npy,14,train
003283.npy,14,train
003284.npy,14,train
003285.npy,1,train
003286.npy,13,train
003287.npy,1,train
003288.npy,12,train
003289.npy,1,train
003290.npy,12,train
003291.npy,6,val
003292.npy,11,train
003293.npy,11,train
003294.npy,9,train
003295.npy,16,train
003296.npy,9,train
003297.npy,17,train
003298.npy,1,train
003299.npy,12,train
003300.npy,11,train
003301.npy,14,train
003302.npy,14,train
003303.npy,1,train
003304.npy,13,train
003305.npy,13,train
003306.npy,8,train
003307.npy,8,train
003308.npy,8,train
003309.npy,11,train
003310.npy,14,train
003311.npy,11,train
003312.npy,8,train
003313.npy,8,train
003314.npy,1,train
003315.npy,8,train
003316.npy,1,train
003317.npy,13,train
003318.npy,5,train
003319.npy,0,train
003320.npy,11,train
003321.npy,11,train
003322.npy,11,train
003323.npy,11,train
003324.npy,5,train
003325.npy,5,train
003326.npy,8,train
003327.npy,11,train
003328.npy,0,train
003329.npy,0,train
003330.npy,13,train
003331.npy,1,train
003332.npy,13,train
003333.npy,11,train
003334.npy,11,train
003335.npy,14,train
003336.npy,8,train
003337.npy,8,train
003338.npy,12,train
003339.npy,11,train
003340.npy,11,train
003341.npy,14,train
003342.npy,8,train
003343.npy,8,train
003344.npy,8,train
003345.npy,2,train
003346.npy,19,val
003347.npy,1,train
003348.npy,8,train
003349.npy,8,train
003350.npy,8,train
003351.npy,1,train
003352.npy,3,train
003353.npy,8,train
003354.npy,8,train
003355.npy,8,train
003356.npy,3,train
003357.npy,13,train
003358.npy,13,train
003359.npy,1,train
003360.npy,15,train
003361.npy,15,train
003362.npy,19,val
003363.npy,14,train
003364.npy,14,train
003365.npy,14,train
003366.npy,3,train
003367.npy,5,train
003368.npy,3,train
003369.npy,7,train
003370.npy,6,val
003371.npy,0,train
003372.npy,14,train
003373.npy,14,train
003374.npy,14,train
003375.npy,14,train
003376.npy,14,train
003377.npy,14,train
003378.npy,13,train
003379.npy,13,train
003380.npy,13,train
003381.npy,8,train
003382.npy,8,train
003383.npy,8,train
003384.npy,11,train
003385.npy,14,train
003386.npy,14,train
003387.npy,3,train
003388.npy,5,train
003389.npy,19,val
003390.npy,8,train
003391.npy,8,train
003392.npy,3,train
003393.npy,8,train
003394.npy,8,train
003395.npy,8,train
003396.npy,13,train
003397.npy,19,val
003398.npy,8,train
003399.npy,0,train
003400.npy,11,train
003401.npy,11,train
003402.npy,1,train
003403.npy,1,train
003404.npy,1,train
003405.npy,1,train
003406.npy,1,train
003407.npy,1,train
003408.npy,12,train
003409.npy,8,train
003410.npy,15,train
003411.npy,11,train
003412.npy,11,train
003413.npy,11,train
003414.npy,15,train
003415.npy,5,train
003416.npy,5,train
003417.npy,1,train
003418.npy,8,train
003419.npy,1,train
003420.npy,14,train
003421.npy,14,train
003422.npy,14,train
003423.npy,14,train
003424.npy,1,train
003425.npy,1,train
003426.npy,1,train
003427.npy,8,train
003428.npy,6,val
003429.npy,1,train
003430.npy,1,train
003431.npy,1,train
003432.npy,13,train
003433.npy,13,train
003434.npy,13,train
003435.npy,12,train
003436.npy,7,train
003437.npy,14,train
003438.npy,19,val
003439.npy,12,train
003440.npy,8,train
003441.npy,1,train
003442.npy,1,train
003443.npy,8,train
003444.npy,14,train
003445.npy,14,train
003446.npy,14,train
003447.npy,18,train
003448.npy,18,train
003449.npy,11,train
003450.npy,14,train
003451.npy,14,train
003452.npy,14,train
003453.npy,11,train
003454.npy,18,train
003455.npy,18,train
003456.npy,5,train
003457.npy,15,train
003458.npy,5,train
003459.npy,1,train
003460.npy,1,train
003461.npy,1,train
003462.npy,13,train
003463.npy,13,train
003464.npy,13,train
003465.npy,10,train
003466.npy,3,train
003467.npy,19,val
003468.npy,5,train
003469.npy,5,train
003470.npy,5,train
003471.npy,18,train
003472.npy,18,train
003473.npy,11,train
003474.npy,8,train
003475.npy,12,train
003476.npy,8,train
003477.npy,8,train
003478.npy,1,train
003479.npy,12,train
003480.npy,14,train
003481.npy,13,train
003482.npy,4,val
003483.npy,11,train
003484.npy,14,train
003485.npy,14,train
003486.npy,8,train
003487.npy,8,train
003488.npy,12,train
003489.npy,13,train
003490.npy,13,train
003491.npy,13,train
003492.npy,1,train
003493.npy,12,train
003494.npy,12,train
003495.npy,14,train
003496.npy,14,train
003497.npy,14,train
003498.npy,13,train
003499.npy,13,train
003500.npy,13,train
003501.npy,6,val
003502.npy,1,train
003503.npy,15,train
003504.npy,6,val
003505.npy,6,val
003506.npy,6,val
003507.npy,8,train
003508.npy,8,train
003509.npy,8,train
003510.npy,8,train
003511.npy,19,val
003512.npy,12,train
003513.npy,12,train
003514.npy,8,train
003515.npy,19,val
003516.npy,12,train
003517.npy,1,train
003518.npy,1,train
003519.npy,11,train
003520.npy,11,train
003521.npy,11,train
003522.npy,1,train
003523.npy,1,train
003524.npy,8,train
003525.npy,3,train
003526.npy,5,train
003527.npy,5,train
003528.npy,0,train
003529.npy,5,train
003530.npy,15,train
003531.npy,14,train
003532.npy,14,train
003533.npy,14,train
003534.npy,18,train
003535.npy,5,train
003536.npy,5,train
003537.npy,11,train
003538.npy,11,train
003539.npy,11,train
003540.npy,5,train
003541.npy,6,val
003542.npy,0,train
003543.npy,8,train
003544.npy,8,train
003545.npy,1,train
003546.npy,14,train
003547.npy,14,train
003548.npy,14,train
003549.npy,1,train
003550.npy,17,train
003551.npy,8,train
003552.npy,2,train
003553.npy,6,val
003554.npy,8,train
003555.npy,12,train
003556.npy,17,train
003557.npy,1,train
003558.npy,1,train
003559.npy,12,train
003560.npy,12,train
003561.npy,3,train
003562.npy,8,train
003563.npy,5,train
003564.npy,8,train
003565.npy,1,train
003566.npy,8,train
003567.npy,1,train
003568.npy,1,train
003569.npy,1,train
003570.npy,5,train
003571.npy,5,train
003572.npy,5,train
003573.npy,1,train
003574.npy,1,train
003575.npy,1,train
003576.npy,8,train
003577.npy,8,train
003578.npy,12,train
003579.npy,8,train
003580.npy,8,train
003581.npy,19,val
003582.npy,17,train
003583.npy,17,train
003584.npy,1,train
003585.npy,13,train
003586.npy,13,train
003587.npy,13,train
003588.npy,11,train
003589.npy,11,train
003590.npy,11,train
003591.npy,16,train
003592.npy,13,train
003593.npy,16,train
003594.npy,5,train
003595.npy,3,train
003596.npy,19,val
003597.npy,0,train
003598.npy,0,train
003599.npy,0,train
003600.npy,12,train
003601.npy,12,train
003602.npy,1,train
003603.npy,8,train
003604.npy,3,train
003605.npy,8,train
003606.npy,17,train
003607.npy,12,train
003608.npy,1,train
003609.npy,9,train
003610.npy,9,train
003611.npy,9,train
003612.npy,1,train
003613.npy,12,train
003614.npy,13,train
003615.npy,12,train
003616.npy,7,train
003617.npy,1,train
003618.npy,14,train
003619.npy,14,train
003620.npy,14,train
003621.npy,12,train
003622.npy,12,train
003623.npy,17,train
003624.npy,18,train
003625.npy,11,train
003626.npy,11,train
003627.npy,8,train
003628.npy,5,train
003629.npy,5,train
003630.npy,8,train
003631.npy,8,train
003632.npy,8,train
003633.npy,14,train
003634.npy,17,train
003635.npy,8,train
003636.npy,11,train
003637.npy,11,train
003638.npy,11,train
003639.npy,1,train
003640.npy,1,train
003641.npy,1,train
003642.npy,11,train
003643.npy,11,train
003644.npy,5,train
003645.npy,5,train
003646.npy,13,train
003647.npy,1,train
003648.npy,5,train
003649.npy,5,train
003650.npy,5,train
003651.npy,8,train
003652.npy,5,train
003653.npy,15,train
003654.npy,13,train
003655.npy,13,train
003656.npy,7,train
003657.npy,11,train
003658.npy,8,train
003659.npy,11,train
003660.npy,8,train
003661.npy,3,train
003662.npy,19,val
003663.npy,5,train
003664.npy,17,train
003665.npy,15,train
003666.npy,13,train
003667.npy,13,train
003668.npy,13,train
003669.npy,1,train
003670.npy,1,train
003671.npy,13,train
003672.npy,17,train
003673.npy,5,train
003674.npy,5,train
003675.npy,5,train
003676.npy,5,train
003677.npy,5,train
003678.npy,8,train
003679.npy,8,train
003680.npy,8,train
003681.npy,14,train
003682.npy,14,train
003683.npy,14,train
003684.npy,8,train
003685.npy,3,train
003686.npy,12,train
003687.npy,11,train
003688.npy,6,val
003689.npy,14,train
003690.npy,8,train
003691.npy,8,train
003692.npy,3,train
003693.npy,17,train
003694.npy,3,train
003695.npy,3,train
003696.npy,14,train
003697.npy,11,train
003698.npy,11,train
003699.npy,12,train
003700.npy,12,train
003701.npy,1,train
003702.npy,11,train
003703.npy,11,train
003704.npy,8,train
003705.npy,1,train
003706.npy,1,train
003707.npy,12,train
003708.npy,1,train
003709.npy,1,train
003710.npy,8,train
003711.npy,1,train
003712.npy,1,train
003713.npy,1,train
003714.npy,13,train
003715.npy,13,train
003716.npy,13,train
003717.npy,16,train
003718.npy,12,train
003719.npy,13,train
003720.npy,5,train
003721.npy,3,train
003722.npy,0,train
003723.npy,18,train
003724.npy,18,train
003725.npy,14,train
003726.npy,5,train
003727.npy,5,train
003728.npy,8,train
003729.npy,8,train
003730.npy,5,train
003731.npy,8,train
003732.npy,1,train
003733.npy,12,train
003734.npy,8,train
003735.npy,13,train
003736.npy,13,train
003737.npy,13,train
003738.npy,0,train
003739.npy,0,train
003740.npy,6,val
003741.npy,3,train
003742.npy,19,val
003743.npy,3,train
003744.npy,14,train
003745.npy,3,train
003746.npy,19,val
003747.npy,8,train
003748.npy,12,train
003749.npy,15,train
003750.npy,1,train
003751.npy,1,train
003752.npy,1,train
003753.npy,5,train
003754.npy,13,train
003755.npy,3,train
003756.npy,13,train
003757.npy,13,train
003758.npy,13,train
003759.npy,8,train
003760.npy,8,train
003761.npy,8,train
003762.npy,17,train
003763.npy,12,train
003764.npy,12,train
003765.npy,8,train
003766.npy,0,train
003767.npy,0,train
003768.npy,15,train
003769.npy,3,train
003770.npy,8,train
003771.npy,7,train
003772.npy,0,train
003773.npy,6,val
003774.npy,8,train
003775.npy,3,train
003776.npy,19,val
003777.npy,5,train
003778.npy,5,train
003779.npy,5,train
003780.npy,1,train
003781.npy,19,val
003782.npy,10,train
003783.npy,8,train
003784.npy,8,train
003785.npy,8,train
003786.npy,8,train
003787.npy,17,train
003788.npy,12,train
003789.npy,19,val
003790.npy,13,train
003791.npy,5,train
003792.npy,5,train
003793.npy,12,train
003794.npy,8,train
003795.npy,14,train
003796.npy,13,train
003797.npy,14,train
003798.npy,19,val
003799.npy,8,train
003800.npy,8,train
003801.npy,8,train
003802.npy,8,train
003803.npy,3,train
003804.npy,8,train
003805.npy,8,train
003806.npy,17,train
003807.npy,13,train
003808.npy,13,train
003809.npy,13,train
003810.npy,6,val
003811.npy,0,train
003812.npy,10,train
003813.npy,11,train
003814.npy,18,train
003815.npy,11,train
003816.npy,1,train
003817.npy,1,train
003818.npy,14,train
003819.npy,12,train
003820.npy,1,train
003821.npy,8,train
003822.npy,8,train
003823.npy,8,train
003824.npy,8,train
003825.npy,11,train
003826.npy,11,train
003827.npy,11,train
003828.npy,8,train
003829.npy,13,train
003830.npy,1,train
003831.npy,8,train
003832.npy,17,train
003833.npy,11,train
003834.npy,8,train
003835.npy,8,train
003836.npy,8,train
003837.npy,10,train
003838.npy,4,val
003839.npy,17,train
003840.npy,17,train
003841.npy,1,train
003842.npy,8,train
003843.npy,18,train
003844.npy,18,train
003845.npy,11,train
003846.npy,14,train
003847.npy,14,train
003848.npy,14,train
003849.npy,17,train
003850.npy,13,train
003851.npy,8,train
003852.npy,17,train
003853.npy,8,train
003854.npy,8,train
003855.npy,11,train
003856.npy,18,train
003857.npy,19,val
003858.npy,6,val
003859.npy,0,train
003860.npy,8,train
003861.npy,11,train
003862.npy,14,train
003863.npy,11,train
003864.npy,8,train
003865.npy,8,train
003866.npy,8,train
003867.npy,14,train
003868.npy,14,train
003869.npy,14,train
003870.npy,8,train
003871.npy,14,train
003872.npy,8,train
003873.npy,0,train
003874.npy,8,train
003875.npy,8,train
003876.npy,12,train
003877.npy,2,train
003878.npy,2,train
003879.npy,0,train
003880.npy,5,train
003881.npy,17,train
003882.npy,1,train
003883.npy,17,train
003884.npy,13,train
003885.npy,14,train
003886.npy,14,train
003887.npy,14,train
003888.npy,5,train
003889.npy,5,train
003890.npy,8,train
003891.npy,14,train
003892.npy,14,train
003893.npy,11,train
003894.npy,18,train
003895.npy,18,train
003896.npy,14,train
003897.npy,0,train
003898.npy,10,train
003899.npy,6,val
003900.npy,14,train
003901.npy,14,train
003902.npy,14,train
003903.npy,19,val
003904.npy,12,train
003905.npy,1,train
003906.npy,1,train
003907.npy,12,train
003908.npy,1,train
003909.npy,13,train
003910.npy,16,train
003911.npy,17,train
003912.npy,14,train
003913.npy,11,train
003914.npy,11,train
003915.npy,16,train
003916.npy,14,train
003917.npy,6,val
003918.npy,1,train
003919.npy,1,train
003920.npy,1,train
003921.npy,13,train
003922.npy,12,train
003923.npy,16,train
003924.npy,8,train
003925.npy,3,train
003926.npy,1,train
003927.npy,8,train
003928.npy,12,train
003929.npy,3,train
003930.npy,13,train
003931.npy,14,train
003932.npy,13,train
003933.npy,13,train
003934.npy,1,train
003935.npy,13,train
003936.npy,19,val
003937.npy,19,val
003938.npy,8,train
003939.npy,8,train
003940.npy,19,val
003941.npy,8,train
003942.npy,18,train
003943.npy,11,train
003944.npy,15,train
003945.npy,1,train
003946.npy,1,train
003947.npy,1,train
003948.npy,1,train
003949.npy,5,train
003950.npy,6,val
003951.npy,8,train
003952.npy,12,train
003953.npy,3,train
003954.npy,15,train
003955.npy,5,train
003956.npy,5,train
003957.npy,15,train
003958.npy,15,train
003959.npy,15,train
003960.npy,12,train
003961.npy,1,train
003962.npy,15,train
003963.npy,1,train
003964.npy,8,train
003965.npy,8,train
003966.npy,14,train
003967.npy,14,train
003968.npy,13,train
003969.npy,8,train
003970.npy,8,train
003971.npy,3,train
003972.npy,6,val
003973.npy,14,train
003974.npy,14,train
003975.npy,8,train
003976.npy,1,train
003977.npy,4,val
003978.npy,8,train
003979.npy,18,train
003980.npy,5,train
003981.npy,5,train
003982.npy,18,train
003983.npy,5,train
003984.npy,3,train
003985.npy,8,train
003986.npy,8,train
003987.npy,1,train
003988.npy,14,train
003989.npy,1,train
003990.npy,1,train
003991.npy,1,train
003992.npy,19,val
003993.npy,12,train
003994.npy,13,train
003995.npy,1,train
003996.npy,12,train
003997.npy,13,train
003998.npy,1,train
003999.npy,12,train
004000.npy,1,train
004001.npy,3,train
004002.npy,11,train
004003.npy,14,train
004004.npy,14,train
004005.npy,19,val
004006.npy,5,train
004007.npy,8,train
004008.npy,3,train
004009.npy,3,train
004010.npy,1,train
004011.npy,14,train
004012.npy,14,train
004013.npy,14,train
004014.npy,11,train
004015.npy,14,train
004016.npy,11,train
004017.npy,1,train
004018.npy,1,train
004019.npy,1,train
004020.npy,0,train
004021.npy,19,val
004022.npy,8,train
004023.npy,12,train
004024.npy,1,train
004025.npy,8,train
004026.npy,1,train
004027.npy,1,train
004028.npy,1,train
004029.npy,13,train
004030.npy,14,train
004031.npy,14,train
004032.npy,13,train
004033.npy,13,train
004034.npy,13,train
004035.npy,8,train
004036.npy,12,train
004037.npy,8,train
004038.npy,6,val
004039.npy,1,train
004040.npy,12,train
004041.npy,1,train
004042.npy,10,train
004043.npy,10,train
004044.npy,1,train
004045.npy,19,val
004046.npy,1,train
004047.npy,13,train
004048.npy,13,train
004049.npy,13,train
004050.npy,19,val
004051.npy,5,train
004052.npy,12,train
004053.npy,1,train
004054.npy,12,train
004055.npy,8,train
004056.npy,15,train
004057.npy,8,train
004058.npy,15,train
004059.npy,8,train
004060.npy,5,train
004061.npy,5,train
004062.npy,1,train
004063.npy,19,val
004064.npy,1,train
004065.npy,8,train
004066.npy,0,train
004067.npy,0,train
004068.npy,14,train
004069.npy,14,train
004070.npy,1,train
004071.npy,8,train
004072.npy,8,train
004073.npy,8,train
004074.npy,14,train
004075.npy,17,train
004076.npy,13,train
004077.npy,19,val
004078.npy,1,train
004079.npy,17,train
004080.npy,15,train
004081.npy,3,train
004082.npy,19,val
004083.npy,12,train
004084.npy,1,train
004085.npy,1,train
004086.npy,5,train
004087.npy,5,train
004088.npy,5,train
004089.npy,5,train
004090.npy,8,train
004091.npy,8,train
004092.npy,14,train
004093.npy,12,train
004094.npy,14,train
004095.npy,3,train
004096.npy,5,train
004097.npy,5,train
004098.npy,3,train
004099.npy,3,train
004100.npy,5,train
004101.npy,8,train
004102.npy,8,train
004103.npy,1,train
004104.npy,18,train
004105.npy,14,train
004106.npy,18,train
004107.npy,8,train
004108.npy,8,train
004109.npy,1,train
004110.npy,8,train
004111.npy,8,train
004112.npy,8,train
004113.npy,5,train
004114.npy,15,train
004115.npy,8,train
004116.npy,5,train
004117.npy,5,train
004118.npy,5,train
004119.npy,1,train
004120.npy,13,train
004121.npy,12,train
004122.npy,6,val
004123.npy,6,val
004124.npy,6,val
004125.npy,8,train
004126.npy,5,train
004127.npy,5,train
004128.npy,7,train
004129.npy,7,train
004130.npy,7,train
004131.npy,5,train
004132.npy,13,train
004133.npy,8,train
004134.npy,14,train
004135.npy,13,train
004136.npy,14,train
004137.npy,17,train
004138.npy,11,train
004139.npy,1,train
004140.npy,11,train
004141.npy,10,train
004142.npy,11,train
004143.npy,1,train
004144.npy,1,train
004145.npy,13,train
004146.npy,14,train
004147.npy,14,train
004148.npy,14,train
004149.npy,14,train
004150.npy,14,train
004151.npy,14,train
004152.npy,1,train
004153.npy,12,train
004154.npy,13,train
004155.npy,8,train
004156.npy,8,train
004157.npy,8,train
004158.npy,1,train
004159.npy,1,train
004160.npy,1,train
004161.npy,11,train
004162.npy,11,train
004163.npy,15,train
004164.npy,19,val
004165.npy,6,val
004166.npy,6,val
004167.npy,8,train
004168.npy,8,train
004169.npy,8,train
004170.npy,3,train
004171.npy,1,train
004172.npy,8,train
004173.npy,13,train
004174.npy,12,train
004175.npy,13,train
004176.npy,17,train
004177.npy,8,train
004178.npy,8,train
004179.npy,13,train
004180.npy,13,train
004181.npy,12,train
004182.npy,1,train
004183.npy,14,train
004184.npy,8,train
004185.npy,1,train
004186.npy,8,train
004187.npy,1,train
004188.npy,1,train
004189.npy,1,train
004190.npy,1,train
004191.npy,11,train
004192.npy,11,train
004193.npy,11,train
004194.npy,11,train
004195.npy,8,train
004196.npy,13,train
004197.npy,1,train
004198.npy,1,train
004199.npy,1,train
004200.npy,3,train
004201.npy,17,train
004202.npy,4,val
004203.npy,8,train
004204.npy,10,train
004205.npy,1,train
004206.npy,11,train
004207.npy,11,train
004208.npy,11,train
004209.npy,5,train
004210.npy,8,train
004211.npy,8,train
004212.npy,1,train
004213.npy,1,train
004214.npy,17,train
004215.npy,15,train
004216.npy,17,train
004217.npy,3,train
004218.npy,12,train
004219.npy,0,train
004220.npy,13,train
004221.npy,6,val
004222.npy,12,train
004223.npy,6,val
004224.npy,19,val
004225.npy,19,val
004226.npy,19,val
004227.npy,13,train
004228.npy,13,train
004229.npy,13,train
004230.npy,3,train
004231.npy,5,train
004232.npy,15,train
004233.npy,0,train
004234.npy,5,train
004235.npy,5,train
004236.npy,8,train
004237.npy,8,train
004238.npy,12,train
004239.npy,6,val
004240.npy,1,train
004241.npy,1,train
004242.npy,5,train
004243.npy,18,train
004244.npy,3,train
004245.npy,1,train
004246.npy,14,train
004247.npy,14,train
004248.npy,11,train
004249.npy,14,train
004250.npy,11,train
004251.npy,5,train
004252.npy,11,train
004253.npy,11,train
004254.npy,8,train
004255.npy,8,train
004256.npy,8,train
004257.npy,15,train
004258.npy,5,train
004259.npy,5,train
004260.npy,12,train
004261.npy,8,train
004262.npy,8,train
004263.npy,8,train
004264.npy,12,train
004265.npy,8,train
004266.npy,13,train
004267.npy,13,train
004268.npy,13,train
004269.npy,5,train
004270.npy,1,train
004271.npy,8,train
004272.npy,13,train
004273.npy,13,train
004274.npy,12,train
004275.npy,14,train
004276.npy,14,train
004277.npy,14,train
004278.npy,1,train
004279.npy,1,train
004280.npy,1,train
004281.npy,14,train
004282.npy,14,train
004283.npy,14,train
004284.npy,0,train
004285.npy,6,val
004286.npy,6,val
004287.npy,17,train
004288.npy,8,train
004289.npy,1,train
004290.npy,8,train
004291.npy,8,train
004292.npy,19,val
004293.npy,13,train
004294.npy,13,train
004295.npy,13,train
004296.npy,8,train
004297.npy,8,train
004298.npy,8,train
004299.npy,17,train
004300.npy,12,train
004301.npy,8,train
004302.npy,19,val
004303.npy,12,train
004304.npy,17,train
004305.npy,15,train
004306.npy,11,train
004307.npy,18,train
004308.npy,13,train
004309.npy,4,val
004310.npy,7,train
004311.npy,6,val
004312.npy,10,train
004313.npy,6,val
004314.npy,1,train
004315.npy,8,train
004316.npy,8,train
004317.npy,8,train
004318.npy,3,train
004319.npy,1,train
004320.npy,17,train
004321.npy,8,train
004322.npy,12,train
004323.npy,13,train
004324.npy,13,train
004325.npy,13,train
004326.npy,16,train
004327.npy,12,train
004328.npy,13,train
004329.npy,8,train
004330.npy,13,train
004331.npy,17,train
004332.npy,12,train
004333.npy,1,train
004334.npy,12,train
004335.npy,10,train
004336.npy,10,train
004337.npy,10,train
004338.npy,3,train
004339.npy,3,train
004340.npy,8,train
004341.npy,14,train
004342.npy,14,train
004343.npy,11,train
004344.npy,12,train
004345.npy,8,train
004346.npy,12,train
004347.npy,8,train
004348.npy,17,train
004349.npy,3,train
004350.npy,8,train
004351.npy,5,train
004352.npy,12,train
004353.npy,11,train
004354.npy,11,train
004355.npy,11,train
004356.npy,17,train
004357.npy,1,train
004358.npy,1,train
004359.npy,13,train
004360.npy,13,train
004361.npy,13,train
004362.npy,4,val
004363.npy,13,train
004364.npy,13,train
004365.npy,8,train
004366.npy,1,train
004367.npy,3,train
004368.npy,11,train
004369.npy,12,train
004370.npy,8,train
004371.npy,8,train
004372.npy,5,train
004373.npy,5,train
004374.npy,8,train
004375.npy,13,train
004376.npy,8,train
004377.npy,15,train
004378.npy,3,train
004379.npy,8,train
004380.npy,19,val
004381.npy,5,train
004382.npy,5,train
004383.npy,6,val
004384.npy,7,train
004385.npy,6,val
004386.npy,8,train
004387.npy,13,train
004388.npy,13,train
004389.npy,13,train
004390.npy,12,train
004391.npy,8,train
004392.npy,12,train
004393.npy,1,train
004394.npy,8,train
004395.npy,14,train
004396.npy,14,train
004397.npy,14,train
004398.npy,13,train
004399.npy,13,train
004400.npy,13,train
004401.npy,5,train
004402.npy,5,train
004403.npy,5,train
004404.npy,5,train
004405.npy,11,train
004406.npy,5,train
004407.npy,12,train
004408.npy,1,train
004409.npy,8,train
004410.npy,2,train
004411.npy,2,train
004412.npy,2,train
004413.npy,0,train
004414.npy,5,train
004415.npy,5,train
004416.npy,8,train
004417.npy,8,train
004418.npy,6,val
004419.npy,12,train
004420.npy,12,train
004421.npy,13,train
004422.npy,6,val
004423.npy,8,train
004424.npy,3,train
004425.npy,1,train
004426.npy,1,train
004427.npy,8,train
004428.npy,14,train
004429.npy,1,train
004430.npy,1,train
004431.npy,8,train
004432.npy,8,train
004433.npy,8,train
004434.npy,14,train
004435.npy,14,train
004436.npy,14,train
004437.npy,5,train
004438.npy,15,train
004439.npy,5,train
004440.npy,1,train
004441.npy,4,val
004442.npy,12,train
004443.npy,8,train
004444.npy,13,train
004445.npy,8,train
004446.npy,12,train
004447.npy,14,train
004448.npy,14,train
004449.npy,5,train
004450.npy,15,train
004451.npy,3,train
004452.npy,5,train
004453.npy,8,train
004454.npy,8,train
004455.npy,8,train
004456.npy,1,train
004457.npy,17,train
004458.npy,14,train
004459.npy,14,train
004460.npy,14,train
004461.npy,6,val
004462.npy,6,val
004463.npy,6,val
004464.npy,18,train
004465.npy,13,train
004466.npy,5,train
004467.npy,1,train
004468.npy,1,train
004469.npy,1,train
004470.npy,14,train
004471.npy,1,train
004472.npy,12,train
004473.npy,14,train
004474.npy,14,train
004475.npy,14,train
004476.npy,1,train
004477.npy,4,val
004478.npy,4,val
004479.npy,17,train
004480.npy,12,train
004481.npy,12,train
004482.npy,1,train
004483.npy,1,train
004484.npy,1,train
004485.npy,12,train
004486.npy,3,train
004487.npy,3,train
004488.npy,8,train
004489.npy,5,train
004490.npy,8,train
004491.npy,18,train
004492.npy,18,train
004493.npy,11,train
004494.npy,14,train
004495.npy,14,train
004496.npy,14,train
004497.npy,8,train
004498.npy,15,train
004499.npy,15,train
004500.npy,1,train
004501.npy,19,val
004502.npy,8,train
004503.npy,1,train
004504.npy,1,train
004505.npy,1,train
004506.npy,1,train
004507.npy,13,train
004508.npy,17,train
004509.npy,8,train
004510.npy,8,train
004511.npy,8,train
004512.npy,12,train
004513.npy,1,train
004514.npy,1,train
004515.npy,8,train
004516.npy,8,train
004517.npy,5,train
004518.npy,8,train
004519.npy,8,train
004520.npy,8,train
004521.npy,3,train
004522.npy,19,val
004523.npy,3,train
004524.npy,11,train
004525.npy,11,train
004526.npy,11,train
004527.npy,1,train
004528.npy,17,train
004529.npy,17,train
004530.npy,7,train
004531.npy,17,train
004532.npy,7,train
004533.npy,3,train
004534.npy,15,train
004535.npy,8,train
004536.npy,5,train
004537.npy,15,train
004538.npy,5,train
004539.npy,8,train
004540.npy,3,train
004541.npy,5,train
004542.npy,11,train
004543.npy,11,train
004544.npy,11,train
004545.npy,13,train
004546.npy,13,train
004547.npy,13,train
004548.npy,7,train
004549.npy,7,train
004550.npy,7,train
004551.npy,19,val
004552.npy,19,val
004553.npy,13,train
004554.npy,13,train
004555.npy,1,train
004556.npy,4,val
004557.npy,11,train
004558.npy,11,train
004559.npy,11,train
004560.npy,8,train
004561.npy,8,train
004562.npy,8,train
004563.npy,1,train
004564.npy,12,train
004565.npy,1,train
004566.npy,0,train
004567.npy,0,train
004568.npy,0,train
004569.npy,14,train
004570.npy,18,train
004571.npy,11,train
004572.npy,8,train
004573.npy,8,train
004574.npy,8,train
004575.npy,8,train
004576.npy,8,train
004577.npy,19,val
004578.npy,14,train
004579.npy,1,train
004580.npy,17,train
004581.npy,17,train
004582.npy,3,train
004583.npy,1,train
004584.npy,1,train
004585.npy,12,train
004586.npy,1,train
004587.npy,1,train
004588.npy,1,train
004589.npy,8,train
004590.npy,11,train
004591.npy,6,val
004592.npy,6,val
004593.npy,18,train
004594.npy,18,train
004595.npy,18,train
004596.npy,8,train
004597.npy,19,val
004598.npy,5,train
004599.npy,11,train
004600.npy,11,train
004601.npy,6,val
004602.npy,8,train
004603.npy,3,train
004604.npy,1,train
004605.npy,18,train
004606.npy,18,train
004607.npy,18,train
004608.npy,11,train
004609.npy,7,train
004610.npy,7,train
004611.npy,14,train
004612.npy,14,train
004613.npy,14,train
004614.npy,12,train
004615.npy,13,train
004616.npy,13,train
004617.npy,5,train
004618.npy,15,train
004619.npy,5,train
004620.npy,3,train
004621.npy,15,train
004622.npy,15,train
004623.npy,1,train
004624.npy,1,train
004625.npy,6,val
004626.npy,5,train
004627.npy,19,val
004628.npy,8,train
004629.npy,11,train
004630.npy,6,val
004631.npy,6,val
004632.npy,14,train
004633.npy,14,train
004634.npy,14,train
004635.npy,13,train
004636.npy,4,val
004637.npy,1,train
004638.npy,8,train
004639.npy,8,train
004640.npy,3,train
004641.npy,13,train
004642.npy,18,train
004643.npy,6,val
004644.npy,13,train
004645.npy,1,train
004646.npy,13,train
004647.npy,17,train
004648.npy,5,train
004649.npy,8,train
004650.npy,8,train
004651.npy,3,train
004652.npy,4,val
004653.npy,1,train
004654.npy,19,val
004655.npy,8,train
004656.npy,14,train
004657.npy,14,train
004658.npy,14,train
004659.npy,6,val
004660.npy,7,train
004661.npy,7,train
004662.npy,5,train
004663.npy,5,train
004664.npy,5,train
004665.npy,6,val
004666.npy,17,train
004667.npy,6,val
004668.npy,0,train
004669.npy,19,val
004670.npy,0,train
004671.npy,6,val
004672.npy,10,train
004673.npy,10,train
004674.npy,6,val
004675.npy,6,val
004676.npy,6,val
004677.npy,12,train
004678.npy,1,train
004679.npy,4,val
004680.npy,13,train
004681.npy,13,train
004682.npy,13,train
004683.npy,3,train
004684.npy,0,train
004685.npy,6,val
004686.npy,6,val
004687.npy,10,train
004688.npy,10,train
004689.npy,19,val
004690.npy,19,val
004691.npy,17,train
004692.npy,14,train
004693.npy,14,train
004694.npy,14,train
004695.npy,8,train
004696.npy,8,train
004697.npy,8,train
004698.npy,13,train
004699.npy,17,train
004700.npy,8,train
004701.npy,14,train
004702.npy,14,train
004703.npy,14,train
004704.npy,12,train
004705.npy,1,train
004706.npy,12,train
004707.npy,1,train
004708.npy,1,train
004709.npy,1,train
004710.npy,19,val
004711.npy,3,train
004712.npy,0,train
004713.npy,3,train
004714.npy,6,val
004715.npy,17,train
004716.npy,12,train
004717.npy,8,train
004718.npy,8,train
004719.npy,8,train
004720.npy,11,train
004721.npy,8,train
004722.npy,1,train
004723.npy,13,train
004724.npy,1,train
004725.npy,3,train
004726.npy,17,train
004727.npy,19,val
004728.npy,19,val
004729.npy,19,val
004730.npy,1,train
004731.npy,3,train
004732.npy,8,train
004733.npy,8,train
004734.npy,5,train
004735.npy,15,train
004736.npy,5,train
004737.npy,6,val
004738.npy,3,train
004739.npy,17,train
004740.npy,14,train
004741.npy,14,train
004742.npy,6,val
004743.npy,11,train
004744.npy,0,train
004745.npy,18,train
004746.npy,8,train
004747.npy,8,train
004748.npy,8,train
004749.npy,5,train
004750.npy,12,train
004751.npy,5,train
004752.npy,19,val
004753.npy,5,train
004754.npy,8,train
004755.npy,18,train
004756.npy,19,val
004757.npy,18,train
004758.npy,13,train
004759.npy,8,train
004760.npy,1,train
004761.npy,12,train
004762.npy,1,train
004763.npy,1,train
004764.npy,15,train
004765.npy,3,train
004766.npy,5,train
004767.npy,14,train
004768.npy,13,train
004769.npy,13,train
004770.npy,14,train
004771.npy,14,train
004772.npy,14,train
004773.npy,5,train
004774.npy,8,train
004775.npy,5,train
004776.npy,11,train
004777.npy,11,train
004778.npy,11,train
004779.npy,14,train
004780.npy,1,train
004781.npy,13,train
004782.npy,6,val
004783.npy,8,train
004784.npy,6,val
