file,min,max,mean,std
002129.npy,-0.0018327783327549696,1.1745120286941528,0.22866736457480386,0.12045023409392448
001042.npy,0.05829485505819321,1.4037714004516602,0.6285147743881225,0.1760624896475152
001964.npy,0.007286025211215019,1.7787741422653198,0.36468541872847027,0.26770732994612045
002419.npy,-0.0479678139090538,1.1707206964492798,0.4149039006209789,0.12126357437011664
000740.npy,0.0032003663945943117,1.3338485956192017,0.11546666329050481,0.15852456232620754
000605.npy,-0.012973727658390999,1.0299257040023804,0.31078886990655974,0.0934448524359469
000751.npy,0.02840372361242771,1.2908018827438354,0.46770690313758223,0.15685397268807416
004012.npy,-0.07207196205854416,1.4933195114135742,0.5209354377317368,0.20737743774668294
003503.npy,-0.00498920539394021,1.489638328552246,0.04001909092200401,0.10278441063521188
001984.npy,0.0009161221678368747,1.3528189659118652,0.15739789672853632,0.1357822381311395
004657.npy,-0.031162109225988388,1.3678157329559326,0.48505290473817375,0.18670529465649965
001596.npy,-0.023383677005767822,1.5026935338974,0.5412243486141204,0.21838237526941678
001804.npy,0.010959568433463573,1.4773341417312622,0.6334514098225554,0.20419380004097437
002922.npy,-0.050264760851860046,1.4786397218704224,0.5213201185592653,0.2546860882470246
003477.npy,-0.0003885990008711815,1.438017725944519,0.4280152838703799,0.2152795880749686
003644.npy,0.0007318545249290764,1.4318742752075195,0.3096496454414144,0.18010769221092846
000002.npy,-0.02683085761964321,1.5429195165634155,0.44299625140016197,0.17419355304159587
003101.npy,-0.0067092482931911945,1.4138847589492798,0.4418121444710579,0.20176485473463862
001501.npy,0.0018602913478389382,1.6253468990325928,0.502888760790519,0.21967591135510242
004408.npy,-0.002381304744631052,1.667296290397644,0.47777610466554776,0.2167025675642088
000993.npy,0.005812123883515596,1.5189464092254639,0.5834242143605763,0.1646054473713664
001517.npy,-0.006128883454948664,1.2787673473358154,0.5624044203700578,0.1744404146130985
003137.npy,0.0033972333185374737,1.7153027057647705,0.6012738335623737,0.2874182797032842
000572.npy,-0.020195648074150085,1.2552441358566284,0.2241635231022201,0.11366585190090782
003361.npy,-0.007048133295029402,1.3973971605300903,0.1807653067189694,0.1308861718804427
002434.npy,0.0022103257942944765,1.3001924753189087,0.46304658056227765,0.194826452051791
003989.npy,-0.007847878150641918,1.5599961280822754,0.4995455695670401,0.242326582400676
003340.npy,-0.0038062441162765026,1.3571914434432983,0.36834936121247,0.1908962299454664
002587.npy,-0.05352480709552765,1.5922240018844604,0.6624356364341972,0.17412790895932834
001825.npy,-0.0011971406638622284,1.1676040887832642,0.40524195797870277,0.14373810851916652
003021.npy,-0.10446149855852127,1.5093432664871216,0.30918133121648506,0.28028059922918414
000646.npy,0.0016680986154824495,1.2386119365692139,0.49432367376057584,0.11338578390881963
003780.npy,0.0064379191026091576,1.471897006034851,0.4594562748572457,0.20052996386098837
004236.npy,-0.01411399245262146,1.5064172744750977,0.3981684746011416,0.2571454083332277
001482.npy,-0.03832729533314705,1.4161702394485474,0.46195546018395817,0.14887805204846366
002781.npy,-0.011143232695758343,1.0834856033325195,0.24294941352496835,0.13263147694816935
000415.npy,0.040461137890815735,1.5193064212799072,0.5786180252803206,0.16097705667273204
004776.npy,0.008822549134492874,1.6956595182418823,0.39118911942642853,0.23046420689443795
000488.npy,-0.05700068175792694,1.2776060104370117,0.4144729487210821,0.16817867740541576
002247.npy,-0.033355142921209335,1.6213669776916504,0.7917650136635075,0.17142308677790036
002273.npy,-0.01521011907607317,1.70999276638031,0.7504076581945469,0.20013455365669683
003926.npy,-0.0038754406850785017,1.6089762449264526,0.5353403375700765,0.21476052339425686
003068.npy,-9.168992983177304e-05,1.5926439762115479,0.47797264668342265,0.1816618257510645
001949.npy,0.026646878570318222,1.6048917770385742,0.637781834525299,0.25984632946213915
001054.npy,-0.0028791746590286493,1.4454286098480225,0.4587840348657295,0.24485251192481897
001415.npy,-0.029845504090189934,1.0753318071365356,0.3586125718761366,0.10895554960948155
004317.npy,-0.003711648751050234,1.3786603212356567,0.4121471655413629,0.18893132935529333
000846.npy,-0.046466145664453506,1.2802586555480957,0.424133247503633,0.1608664638953085
000688.npy,-0.00179828773252666,1.6379005908966064,0.5012433860633365,0.16783794884513636
003957.npy,-0.0039597502909600735,1.519463300704956,0.16909259900580764,0.12113246316488323
002898.npy,-0.04351399466395378,1.3481976985931396,0.27122038238753243,0.2339704793536492
000483.npy,0.031286485493183136,1.3267555236816406,0.42361903768960474,0.12557391491272113
003088.npy,0.002389325527474284,1.539501428604126,0.37196943945532723,0.18691676669704937
003086.npy,0.029340125620365143,1.3671436309814453,0.5364224587428907,0.17321350235086924
000445.npy,0.013557965867221355,1.4724888801574707,0.7936931087226071,0.14992446620070105
001011.npy,0.0811094343662262,1.268637776374817,0.5302684953749122,0.13666212622392795
000863.npy,-0.00976562686264515,1.7105158567428589,0.45576524319987044,0.22368645361370032
001356.npy,0.016855303198099136,1.629611611366272,0.5100950667563211,0.18315608908009157
004501.npy,-0.026565877720713615,1.8063173294067383,0.39270926638256554,0.28713787024783033
000842.npy,-0.011870461516082287,1.2416538000106812,0.4641755581422444,0.1183373766499315
004520.npy,-0.02750976011157036,1.6102211475372314,0.40240173862788076,0.27143311706691176
003026.npy,-0.15072950720787048,1.5090065002441406,0.4025712875353955,0.24272529841643706
001340.npy,0.004254018422216177,1.5793230533599854,0.26490501057861593,0.1507584508793977
001232.npy,-0.028224024921655655,1.4733518362045288,0.4422029126133111,0.182626451623393
004244.npy,-0.03075539879500866,1.4635210037231445,0.31446668917622844,0.2167480552354739
004531.npy,-0.0005705291405320168,1.2834290266036987,0.49786115892994864,0.24599291123971997
000889.npy,0.037048667669296265,1.3553186655044556,0.4109036441500393,0.15100303023575384
000623.npy,0.0032485395204275846,1.200711727142334,0.33088695773510324,0.1339645963526515
003497.npy,-0.06918030977249146,1.680567741394043,0.49723564663145225,0.2151486222423163
003860.npy,-0.013920326717197895,1.7591230869293213,0.39183039459345537,0.20547748108480918
002151.npy,0.07272294908761978,1.4321166276931763,0.693410439537729,0.16161043293997268
002272.npy,0.005765237845480442,1.5471850633621216,0.7546936464435134,0.19771128573676564
002739.npy,-0.026648813858628273,1.6217604875564575,0.4456112581790677,0.33502520794201474
001184.npy,0.05416416376829147,1.3237086534500122,0.43632295461634385,0.13312881479810873
001507.npy,-0.020225459709763527,1.4032995700836182,0.5866173747496077,0.17137072734113082
003770.npy,-0.0079512232914567,1.6541167497634888,0.40602198214148544,0.26068392990236217
003264.npy,-0.00644709961488843,1.566689133644104,0.5304738395360147,0.24894805711389995
002715.npy,-0.04406799003481865,1.2655967473983765,0.36662900787234776,0.1648087693094181
003459.npy,0.028318755328655243,1.5088448524475098,0.5050445466811198,0.23117719959703878
001626.npy,0.03220369294285774,1.5873886346817017,0.6404178507659708,0.19038615642024992
002017.npy,0.011673524044454098,1.212898850440979,0.3211476068049137,0.1305029176114238
002952.npy,-0.00895172730088234,1.5658769607543945,0.7032976989011601,0.21358959597151314
001329.npy,-0.05340572074055672,1.711930274963379,0.47673583697810784,0.20101394520548319
002705.npy,0.07253126055002213,1.5594086647033691,0.6290006055346566,0.23840417523949997
002619.npy,0.04420534893870354,1.3643471002578735,0.4669307166550425,0.1811603000062578
003911.npy,0.019762970507144928,1.6224095821380615,0.5335393217453657,0.25248300298928533
000649.npy,0.03846336901187897,1.3050389289855957,0.43611937874766227,0.14402138339368933
001139.npy,0.06728269159793854,1.29359769821167,0.44829827258308796,0.12495437717335733
002435.npy,0.0010823311749845743,1.3964977264404297,0.4052104348118206,0.16564554988671665
002711.npy,-0.0005767374532297254,1.6029942035675049,0.6630773647668136,0.22005919949095157
001793.npy,0.027459081262350082,1.3004930019378662,0.3618572442214827,0.1372610206098525
004319.npy,0.003551348578184843,1.9084255695343018,0.46985637668183244,0.22831954228804793
002588.npy,-0.05386798083782196,1.5868839025497437,0.6825454925462863,0.19494669359932343
001762.npy,-0.012515712529420853,1.8317840099334717,0.47606498337312253,0.1910364504642523
001570.npy,0.00373392878100276,1.5260875225067139,0.4670253338080954,0.13067915826366885
003070.npy,0.029681893065571785,1.3708370923995972,0.33273498558503434,0.16291549965834232
002253.npy,0.015984496101737022,1.2455508708953857,0.39153669242421074,0.1260272517933526
001733.npy,0.004287221934646368,1.1294851303100586,0.38136454442778245,0.11529452285301202
004446.npy,0.004809146746993065,1.7423442602157593,0.5282352534303243,0.2805070300755318
002508.npy,0.016314318403601646,1.6568632125854492,0.581372225201676,0.18834338851756283
000613.npy,-0.018265986815094948,1.529229998588562,0.378009713610173,0.24976228015924679
004752.npy,-0.00355194928124547,1.2336406707763672,0.3349043281336197,0.19668374174426798
003621.npy,0.002017691032961011,1.58048415184021,0.5063655121861217,0.25122456155721057
000226.npy,-0.00753242801874876,1.4596562385559082,0.5495080788872997,0.1871681077591089
001296.npy,0.004353301599621773,1.3031318187713623,0.45667635211430024,0.14832746700913563
002961.npy,-0.005484761204570532,1.5725407600402832,0.6970517838594645,0.24762652729062865
001050.npy,-0.03273729607462883,1.4353291988372803,0.4288296097775799,0.15314595232943803
000167.npy,0.007647269405424595,1.1599112749099731,0.37413310563118785,0.1355118719269919
004087.npy,0.01565370336174965,1.2930729389190674,0.3239670795776419,0.1655068281768849
002184.npy,0.010319198481738567,1.5103437900543213,0.5631965853647216,0.173298238363563
001522.npy,-0.02423391491174698,1.1948127746582031,0.2212946186846274,0.13844949609195797
004148.npy,-0.018133098259568214,1.3076227903366089,0.502851312457679,0.19699585522504892
003720.npy,0.002360741375014186,1.5430101156234741,0.2878502832287211,0.16271585108939723
000994.npy,-0.00906426552683115,1.6248213052749634,0.5890014828542078,0.16944242155460276
004022.npy,0.013854200951755047,1.2112966775894165,0.37391772543912793,0.1772261768428444
003787.npy,-0.007017228752374649,1.691353440284729,0.36614751299237014,0.21582526003282806
003267.npy,-0.0018140680622309446,1.6545796394348145,0.36954538568396345,0.2501109607332348
003474.npy,-0.01759471744298935,1.3122755289077759,0.41731589386535606,0.24542559673975828
002159.npy,0.0037549096159636974,1.3207906484603882,0.4515746902083606,0.13814496801754775
002310.npy,0.07027146220207214,1.344577431678772,0.47765079935470567,0.14201872247947814
001012.npy,0.046181295067071915,1.1921254396438599,0.4301171753716062,0.12662397530790492
003205.npy,-0.005178387276828289,1.4595900774002075,0.5822289298743613,0.20094412897018962
000919.npy,0.0021158328745514154,1.5925368070602417,0.5731945988679428,0.23704371308373803
001461.npy,0.0013707027537748218,1.412857174873352,0.5226290853902,0.1934318154646265
001983.npy,-0.0050704600289464,1.469508171081543,0.4821388990298878,0.2505857973233607
001844.npy,0.023882975801825523,1.0058062076568604,0.28511271623176526,0.09124099605202883
004502.npy,-0.017806924879550934,1.5995508432388306,0.44031295690656397,0.31680304640714585
003949.npy,0.014384258538484573,1.3000882863998413,0.3433498784315816,0.16361371238517047
000875.npy,-0.04043038934469223,1.4883506298065186,0.598472696410397,0.17705994355588464
001391.npy,0.013540742918848991,1.2342177629470825,0.4380158022198657,0.13305045813698954
000231.npy,0.023449474945664406,1.2639254331588745,0.37233305049073806,0.1357291095207988
004421.npy,0.0011840150691568851,1.6989184617996216,0.5602768444069,0.2721440639964743
004753.npy,0.008224678225815296,1.2416625022888184,0.281074309635585,0.17713541950481385
003126.npy,-0.008960528299212456,1.5464178323745728,0.37998155840773506,0.2117444205924064
000432.npy,0.047117702662944794,1.280874252319336,0.420316938324504,0.13458563573635487
003638.npy,-0.01568431966006756,1.714350700378418,0.3576343018561823,0.19884737980159298
002333.npy,-0.019225120544433594,0.9334051012992859,0.28119196077363995,0.08934797302496225
004371.npy,-0.021040676161646843,1.2465687990188599,0.3730391258742234,0.19517708870652115
001285.npy,-0.06446412950754166,1.1955149173736572,0.408462346148724,0.1717139212599469
000522.npy,-0.03010419011116028,1.188267469406128,0.3423207361535403,0.16076116430740833
002771.npy,-0.03389964997768402,1.2485661506652832,0.48160666458678136,0.20941126301367144
004340.npy,0.004550067242234945,1.3789088726043701,0.37987443407917,0.22921662651740812
001950.npy,-0.027505243197083473,1.5473203659057617,0.3784437411843271,0.2150529515383947
004296.npy,-0.004980200901627541,1.4343451261520386,0.41294191292519855,0.17991414699471328
000624.npy,0.042886510491371155,1.291896104812622,0.47075503582436795,0.13597060277116793
000933.npy,0.015745189040899277,1.2672832012176514,0.4561082870404789,0.14979157160566384
002400.npy,0.009905685670673847,1.2545415163040161,0.4045548223847959,0.15930115896963296
000916.npy,-0.012986774556338787,1.5306812524795532,0.5655315539933667,0.19826864123472543
000559.npy,-0.054772138595581055,1.35313880443573,0.2612453704297195,0.11885031082340235
002323.npy,-0.01440849807113409,1.50910484790802,0.3397241260790338,0.1592805202155165
001672.npy,0.05939500033855438,1.06880784034729,0.38592384410003433,0.11050125726772712
004020.npy,-0.028845535591244698,1.3190068006515503,0.3692461936619722,0.17047922362169537
000583.npy,0.012602357193827629,1.761673092842102,0.5748815403255776,0.2700151485397879
000813.npy,-0.017146214842796326,1.2879613637924194,0.399864448552421,0.13367668330869834
003658.npy,-0.011943519115447998,1.5728325843811035,0.39499062021077336,0.23331811487346943
004727.npy,-0.00015167791571002454,1.4620682001113892,0.40011227486468304,0.21906620297784138
001192.npy,-0.01392088457942009,1.482043743133545,0.41567369962636036,0.17836749802584326
000242.npy,-0.2296953946352005,1.5964150428771973,0.4580694018456204,0.2307380057392805
003309.npy,-0.007642323616892099,1.5075798034667969,0.3940855414930784,0.186950531027548
003083.npy,-0.09557673335075378,1.4100134372711182,0.20030235360392012,0.1720148274837233
001887.npy,-0.001877153292298317,1.7824715375900269,0.4568377039514644,0.24385674198095947
004755.npy,-0.0003194948367308825,1.386551856994629,0.19295428901362932,0.13051964929330712
002312.npy,0.06404478847980499,1.21441650390625,0.539645676854434,0.13237717218879103
001673.npy,0.09022702276706696,1.5720402002334595,0.42389117115772024,0.11652023241457694
001402.npy,0.008219173178076744,1.2862365245819092,0.38167308628499086,0.11869728447384774
003364.npy,-0.15825054049491882,1.6876360177993774,0.5051081560598321,0.34418960336339766
004276.npy,-0.014123158529400826,1.4465579986572266,0.45755011100752085,0.21095850026138296
003041.npy,0.008049464784562588,1.2905348539352417,0.27242123861037726,0.12411529402007862
002187.npy,0.012958795763552189,0.9637686014175415,0.1891246311029704,0.06870032124144583
000211.npy,0.056010253727436066,1.445644497871399,0.6694355893300781,0.181183025357203
004489.npy,0.014576984569430351,1.36466383934021,0.3236155981022648,0.1784807870196048
003788.npy,-0.017678258940577507,1.445060133934021,0.49370867709975674,0.2507975832060828
003322.npy,-0.024256624281406403,1.339636206626892,0.38688490982521273,0.19044528818892997
004656.npy,-0.03205745667219162,1.4096548557281494,0.4793329470258403,0.22056322621504837
000528.npy,0.012003354728221893,1.3690060377120972,0.49127567560117313,0.14714263279509787
000764.npy,-0.029226532205939293,1.4751659631729126,0.4282205656359963,0.17346778745512992
001342.npy,0.0002005636488320306,1.2683131694793701,0.3873355265038514,0.14339933481280343
002669.npy,0.10238681733608246,1.3003009557724,0.6050129426421336,0.1346123633006358
003517.npy,-0.0031042229384183884,1.3389328718185425,0.5138479085598888,0.22554649883723402
002800.npy,-0.08173731714487076,1.5518665313720703,0.4630997910116843,0.24849394470078162
001005.npy,0.04575900733470917,1.2597792148590088,0.4855937414145046,0.12128824352528861
000400.npy,0.048523567616939545,1.2411261796951294,0.45439275059288775,0.1347371879899504
003528.npy,-0.0022607746068388224,1.2346713542938232,0.3995110858669051,0.143423307835814
002161.npy,0.015195252373814583,1.3279228210449219,0.413302691541503,0.17937754688096394
000777.npy,0.03435583412647247,1.306212306022644,0.5604289283201069,0.1294727905580981
004127.npy,-0.027109429240226746,1.731764793395996,0.269058477892429,0.1676909870510027
002143.npy,-0.0028119825292378664,1.396793246269226,0.39900343091089496,0.16754616495752417
004043.npy,-0.014699425548315048,1.4036623239517212,0.5555594240730564,0.18309024114765093
001867.npy,-0.04979589581489563,1.447030782699585,0.2025476383724154,0.21091211947632016
000177.npy,0.054609574377536774,1.4492727518081665,0.5736466967396154,0.17010979671409332
000152.npy,0.0010152411414310336,1.392459511756897,0.4928656680121364,0.16660106973803454
004572.npy,-0.005266481079161167,1.3329635858535767,0.38977366897813326,0.18980420849358515
002835.npy,-0.10201223939657211,1.3455146551132202,0.3375437231130256,0.24512021235142245
003622.npy,-0.01770617626607418,1.4999465942382812,0.5335370845979099,0.22363470765339105
003712.npy,-0.006597808096557856,1.6112945079803467,0.48830546886965465,0.25081749184544266
002718.npy,0.006557753309607506,1.559198021888733,0.38756759166432175,0.22183091869199137
000630.npy,0.024297256022691727,1.3099544048309326,0.4142482032668795,0.1345762018873735
001839.npy,0.01987197995185852,1.6189979314804077,0.5088938623302965,0.19084298102853628
002026.npy,-0.022802123799920082,1.1182905435562134,0.1788820159722846,0.1356598894680707
000198.npy,-0.011105543002486229,1.5870388746261597,0.5200658600735153,0.26790709538441926
