severity,severity_multiplier,file,L_gain,K_poisson,sigma_A,psnr_model,ssim_model,psnr_classical,ssim_classical,model_output_finite
1.0x (worst seen in training),1.0,002161.npy,29.320252184569952,31.065673426601712,0.0151402439385018,22.181699387608248,0.47703781847568927,18.14109325523156,0.305563722505549,True
1.0x (worst seen in training),1.0,003251.npy,29.320252184569952,31.065673426601712,0.0151402439385018,20.044009405417818,0.5620395176181777,16.74608177473052,0.4267361282193995,True
1.0x (worst seen in training),1.0,003265.npy,29.320252184569952,31.065673426601712,0.0151402439385018,23.22670263403446,0.3312314137690151,18.60357721241233,0.18921585200957536,True
1.0x (worst seen in training),1.0,003222.npy,29.320252184569952,31.065673426601712,0.0151402439385018,24.08044793757437,0.39995123910525326,19.124740414280375,0.21709031764811118,True
1.0x (worst seen in training),1.0,001361.npy,29.320252184569952,31.065673426601712,0.0151402439385018,20.316649132213303,0.29583810609770333,18.245624379967943,0.27234725181855346,True
1.0x (worst seen in training),1.0,003443.npy,29.320252184569952,31.065673426601712,0.0151402439385018,19.480901149811075,0.3816984504874621,17.25636538166453,0.32366459135355585,True
1.0x (worst seen in training),1.0,000927.npy,29.320252184569952,31.065673426601712,0.0151402439385018,17.18508270021398,0.4482447507682118,16.058396368708397,0.4608137372485156,True
1.0x (worst seen in training),1.0,001447.npy,29.320252184569952,31.065673426601712,0.0151402439385018,20.12800164610953,0.22159735272441758,16.95886716076759,0.16315500642974018,True
1.0x (worst seen in training),1.0,003616.npy,29.320252184569952,31.065673426601712,0.0151402439385018,18.796838093028907,0.15479573017917292,15.557882566000956,0.11160657569377165,True
1.0x (worst seen in training),1.0,003787.npy,29.320252184569952,31.065673426601712,0.0151402439385018,20.85854880840496,0.39905868136796135,18.47426794252886,0.33207731400782653,True
1.0x (worst seen in training),1.0,003808.npy,29.320252184569952,31.065673426601712,0.0151402439385018,19.513698035802996,0.5955672525826732,16.527170220973446,0.48411038822887587,True
1.0x (worst seen in training),1.0,001105.npy,29.320252184569952,31.065673426601712,0.0151402439385018,20.01376873045945,0.4202771493381991,17.467000914128434,0.3364893794082727,True
1.0x (worst seen in training),1.0,004675.npy,29.320252184569952,31.065673426601712,0.0151402439385018,18.903380602850763,0.32927639216073173,16.869184845573137,0.2999603712842348,True
1.0x (worst seen in training),1.0,002566.npy,29.320252184569952,31.065673426601712,0.0151402439385018,19.62343661047395,0.239969210718059,17.186955729729338,0.19263914680389652,True
1.0x (worst seen in training),1.0,000889.npy,29.320252184569952,31.065673426601712,0.0151402439385018,20.216776738006427,0.43847286327350793,17.883788439437815,0.37041495157983906,True
1.0x (worst seen in training),1.0,002633.npy,29.320252184569952,31.065673426601712,0.0151402439385018,19.711683717985565,0.3314575563435092,17.100601571526557,0.28026717390978645,True
1.0x (worst seen in training),1.0,003572.npy,29.320252184569952,31.065673426601712,0.0151402439385018,20.930104331580026,0.5107461268893381,19.397691859767995,0.47209183534477744,True
1.0x (worst seen in training),1.0,004531.npy,29.320252184569952,31.065673426601712,0.0151402439385018,20.93326035493115,0.25758762193531515,17.05933473047226,0.19937239953421235,True
1.0x (worst seen in training),1.0,003004.npy,29.320252184569952,31.065673426601712,0.0151402439385018,20.05244161184695,0.4632310826371709,17.83663600240952,0.38675812948463206,True
1.0x (worst seen in training),1.0,003810.npy,29.320252184569952,31.065673426601712,0.0151402439385018,20.30557486565958,0.2502804142735034,17.079952812348825,0.19001409960842233,True
1.0x (worst seen in training),1.0,000711.npy,29.320252184569952,31.065673426601712,0.0151402439385018,18.59484021149831,0.44319858728717726,16.507016483071595,0.3970129677071673,True
1.0x (worst seen in training),1.0,000488.npy,29.320252184569952,31.065673426601712,0.0151402439385018,16.51248934931874,0.357402965897277,15.64057198273202,0.37789949176972865,True
1.0x (worst seen in training),1.0,003062.npy,29.320252184569952,31.065673426601712,0.0151402439385018,15.805583739129776,0.6047584008546174,14.815123851746126,0.5843295569959851,True
1.0x (worst seen in training),1.0,001132.npy,29.320252184569952,31.065673426601712,0.0151402439385018,19.685803451157597,0.18470461925988238,17.601543661803415,0.15504293735195362,True
1.0x (worst seen in training),1.0,004572.npy,29.320252184569952,31.065673426601712,0.0151402439385018,21.36561164856376,0.5983389886538854,18.521008189433584,0.483513406805314,True
1.0x (worst seen in training),1.0,003807.npy,29.320252184569952,31.065673426601712,0.0151402439385018,19.222593993447468,0.5898807481461962,16.31666981019803,0.47693000163199295,True
1.0x (worst seen in training),1.0,000994.npy,29.320252184569952,31.065673426601712,0.0151402439385018,17.819573619721645,0.24678802087310464,15.60148988783025,0.22196912574640273,True
1.0x (worst seen in training),1.0,000093.npy,29.320252184569952,31.065673426601712,0.0151402439385018,19.70337928120115,0.21603429970793583,17.37035816266719,0.1814058004364462,True
1.0x (worst seen in training),1.0,000559.npy,29.320252184569952,31.065673426601712,0.0151402439385018,19.71572727581703,0.31547341947058793,18.695242382946013,0.3182081909512766,True
1.0x (worst seen in training),1.0,003835.npy,29.320252184569952,31.065673426601712,0.0151402439385018,20.252902173884433,0.5829478434490124,18.34296172454167,0.5231616402544814,True
1.0x (worst seen in training),1.0,002647.npy,29.320252184569952,31.065673426601712,0.0151402439385018,18.193698845588713,0.23025378349144407,16.019268125558803,0.1973877613064326,True
1.0x (worst seen in training),1.0,004561.npy,29.320252184569952,31.065673426601712,0.0151402439385018,19.891382584331836,0.6242407760003565,17.799189510709844,0.5542581333473381,True
1.0x (worst seen in training),1.0,001107.npy,29.320252184569952,31.065673426601712,0.0151402439385018,19.28024866088819,0.378106196912687,17.572105913879813,0.3493080452470016,True
1.0x (worst seen in training),1.0,002144.npy,29.320252184569952,31.065673426601712,0.0151402439385018,20.31915221191784,0.6378158142053213,18.656011764058317,0.5860243657906103,True
1.0x (worst seen in training),1.0,000803.npy,29.320252184569952,31.065673426601712,0.0151402439385018,21.03347982153785,0.5819903732660695,16.904895075099912,0.39708013599104947,True
1.0x (worst seen in training),1.0,003553.npy,29.320252184569952,31.065673426601712,0.0151402439385018,19.69477083952736,0.5308894493611128,17.76944657276155,0.4793245729159573,True
1.0x (worst seen in training),1.0,001804.npy,29.320252184569952,31.065673426601712,0.0151402439385018,20.15955147932541,0.32139126736883533,16.213414177610712,0.2121515171052938,True
1.0x (worst seen in training),1.0,004043.npy,29.320252184569952,31.065673426601712,0.0151402439385018,21.041958314567843,0.25803723902538345,16.68085418725127,0.12293467475297665,True
1.0x (worst seen in training),1.0,004501.npy,29.320252184569952,31.065673426601712,0.0151402439385018,21.82696632056597,0.6476734987011059,18.23644395537088,0.5222826341053998,True
1.0x (worst seen in training),1.0,001399.npy,29.320252184569952,31.065673426601712,0.0151402439385018,20.19302782784194,0.32649217775442474,18.374629979745386,0.3026542782494645,True
1.0x (worst seen in training),1.0,004322.npy,29.320252184569952,31.065673426601712,0.0151402439385018,20.198521148499246,0.3666080249524682,16.68464884535148,0.2446179422740557,True
1.0x (worst seen in training),1.0,003780.npy,29.320252184569952,31.065673426601712,0.0151402439385018,20.772552014212103,0.4507083817225628,17.50202773401257,0.32182011590151244,True
1.0x (worst seen in training),1.0,002711.npy,29.320252184569952,31.065673426601712,0.0151402439385018,19.9578689283739,0.2826674106753034,16.14809020556882,0.17652589315751294,True
1.0x (worst seen in training),1.0,002170.npy,29.320252184569952,31.065673426601712,0.0151402439385018,20.78838505765215,0.3409214110476658,17.598538179189966,0.23989100905139576,True
1.0x (worst seen in training),1.0,002422.npy,29.320252184569952,31.065673426601712,0.0151402439385018,18.42287754135254,0.5969082462032739,16.232853123149404,0.5099504399960668,True
1.0x (worst seen in training),1.0,000916.npy,29.320252184569952,31.065673426601712,0.0151402439385018,16.98559930419475,0.3682564528370338,15.386210007519388,0.3651793906543129,True
1.0x (worst seen in training),1.0,002756.npy,29.320252184569952,31.065673426601712,0.0151402439385018,19.634963362845326,0.4429875642447905,16.678729076971585,0.37051300310750823,True
1.0x (worst seen in training),1.0,000223.npy,29.320252184569952,31.065673426601712,0.0151402439385018,20.313555503529244,0.5845132718109258,16.869856024385896,0.4319459665608736,True
1.0x (worst seen in training),1.0,000605.npy,29.320252184569952,31.065673426601712,0.0151402439385018,20.930622352803393,0.27461830292432604,18.95905869374336,0.24641884717488802,True
1.0x (worst seen in training),1.0,004644.npy,29.320252184569952,31.065673426601712,0.0151402439385018,19.45572998752423,0.36185582969620506,16.055549020550593,0.23528141342277073,True
1.0x (worst seen in training),1.0,003700.npy,29.320252184569952,31.065673426601712,0.0151402439385018,21.250043246834267,0.2041465387252407,17.139515856588545,0.10621645807448105,True
1.0x (worst seen in training),1.0,002855.npy,29.320252184569952,31.065673426601712,0.0151402439385018,19.526668603725028,0.2517001698344245,16.343351637834893,0.20339676036147816,True
1.0x (worst seen in training),1.0,002272.npy,29.320252184569952,31.065673426601712,0.0151402439385018,18.47476567775118,0.4130868066038926,15.838041461106789,0.3210120482014882,True
1.0x (worst seen in training),1.0,003309.npy,29.320252184569952,31.065673426601712,0.0151402439385018,17.855908248819013,0.3643079792320257,16.627509409949695,0.37478110903826345,True
1.0x (worst seen in training),1.0,002863.npy,29.320252184569952,31.065673426601712,0.0151402439385018,16.229889009146547,0.46551840011750406,15.083471186368955,0.4673411590182436,True
1.0x (worst seen in training),1.0,001984.npy,29.320252184569952,31.065673426601712,0.0151402439385018,25.251410588792325,0.3621445216739465,22.482333001232256,0.2682555764354559,True
1.0x (worst seen in training),1.0,000157.npy,29.320252184569952,31.065673426601712,0.0151402439385018,18.79341741997945,0.4794785236379755,16.346976381851533,0.39767146355065286,True
1.0x (worst seen in training),1.0,003209.npy,29.320252184569952,31.065673426601712,0.0151402439385018,21.852711937086568,0.4996753394621645,19.39855166042176,0.40673073885412414,True
1.0x (worst seen in training),1.0,001200.npy,29.320252184569952,31.065673426601712,0.0151402439385018,18.677747147840886,0.46339106028003907,15.950719282159564,0.3644904444106329,True
1.0x (worst seen in training),1.0,004264.npy,29.320252184569952,31.065673426601712,0.0151402439385018,21.280384183137684,0.3595854570153888,17.68793266347261,0.23377922493105113,True
1.25x,1.25,002161.npy,23.45620174765596,24.85253874128137,0.01892530492312725,21.025438200847603,0.4207986320679571,17.23608389816829,0.271017648602145,True
1.25x,1.25,003251.npy,23.45620174765596,24.85253874128137,0.01892530492312725,18.88642563115899,0.49233652748495804,15.8622466807543,0.38972237926287123,True
1.25x,1.25,003265.npy,23.45620174765596,24.85253874128137,0.01892530492312725,21.385588619286636,0.261637014636486,17.68650506432051,0.16171846810685853,True
1.25x,1.25,003222.npy,23.45620174765596,24.85253874128137,0.01892530492312725,22.397737480242572,0.32383771623569285,18.148544422860923,0.18883177517809613,True
1.25x,1.25,001361.npy,23.45620174765596,24.85253874128137,0.01892530492312725,19.30691862986717,0.25869336208798366,17.411283728014478,0.23635425825100992,True
1.25x,1.25,003443.npy,23.45620174765596,24.85253874128137,0.01892530492312725,18.61042956843217,0.3391207646782727,16.540586037182003,0.2883006285851678,True
1.25x,1.25,000927.npy,23.45620174765596,24.85253874128137,0.01892530492312725,16.63923955374574,0.4166965763881374,15.366281761185999,0.4238376890063687,True
1.25x,1.25,001447.npy,23.45620174765596,24.85253874128137,0.01892530492312725,18.989903399439953,0.18831799337281577,16.02386420113182,0.1432451954041482,True
1.25x,1.25,003616.npy,23.45620174765596,24.85253874128137,0.01892530492312725,17.686485918307977,0.12764623767886107,14.801234287245816,0.09202195637206127,True
1.25x,1.25,003787.npy,23.45620174765596,24.85253874128137,0.01892530492312725,20.163254055422325,0.3709753568221878,17.71822721755997,0.30449466856474205,True
1.25x,1.25,003808.npy,23.45620174765596,24.85253874128137,0.01892530492312725,18.305495178546053,0.543427236953428,15.758504626953284,0.4449331006398022,True
1.25x,1.25,001105.npy,23.45620174765596,24.85253874128137,0.01892530492312725,19.197425414313535,0.3822782481754787,16.585263956522212,0.3039537755634326,True
1.25x,1.25,004675.npy,23.45620174765596,24.85253874128137,0.01892530492312725,17.91200119667701,0.2947423968125989,16.0401472832362,0.268801626373259,True
1.25x,1.25,002566.npy,23.45620174765596,24.85253874128137,0.01892530492312725,18.67523495789991,0.22176460576101503,16.346801773829966,0.17750765271188504,True
1.25x,1.25,000889.npy,23.45620174765596,24.85253874128137,0.01892530492312725,19.210611704332123,0.3791737417524834,16.910511892654895,0.3190660580078658,True
1.25x,1.25,002633.npy,23.45620174765596,24.85253874128137,0.01892530492312725,18.702463909459944,0.2968605991451603,16.224335901384844,0.25005707485518264,True
1.25x,1.25,003572.npy,23.45620174765596,24.85253874128137,0.01892530492312725,19.982215696827925,0.46567412582724876,18.593770972576294,0.4348782786610162,True
1.25x,1.25,004531.npy,23.45620174765596,24.85253874128137,0.01892530492312725,19.348608559124823,0.21115419929383622,16.207847046513404,0.17546106515116802,True
1.25x,1.25,003004.npy,23.45620174765596,24.85253874128137,0.01892530492312725,19.149823024881847,0.4129244919142176,17.166335227864987,0.358012501700429,True
1.25x,1.25,003810.npy,23.45620174765596,24.85253874128137,0.01892530492312725,19.095577122471525,0.21402063811716845,16.367606502878715,0.16875683281025117,True
1.25x,1.25,000711.npy,23.45620174765596,24.85253874128137,0.01892530492312725,17.741051913338012,0.3995054994298664,15.660829986987025,0.3579890900239531,True
1.25x,1.25,000488.npy,23.45620174765596,24.85253874128137,0.01892530492312725,16.139365623655927,0.336837083967875,15.099750430884534,0.35195635397567854,True
1.25x,1.25,003062.npy,23.45620174765596,24.85253874128137,0.01892530492312725,15.36422008721285,0.580802829016908,14.233002840850697,0.5564885216078972,True
1.25x,1.25,001132.npy,23.45620174765596,24.85253874128137,0.01892530492312725,19.029951339750703,0.17168233812375772,16.903741079580694,0.14190766974380223,True
1.25x,1.25,004572.npy,23.45620174765596,24.85253874128137,0.01892530492312725,20.165538843974375,0.5416620149887795,17.53576124817323,0.4384971566506049,True
1.25x,1.25,003807.npy,23.45620174765596,24.85253874128137,0.01892530492312725,18.471909681811557,0.5560294889062702,15.666396991942385,0.44730665030079136,True
1.25x,1.25,000994.npy,23.45620174765596,24.85253874128137,0.01892530492312725,17.096782238577305,0.21867634018185922,14.909556484940381,0.19772683905671237,True
1.25x,1.25,000093.npy,23.45620174765596,24.85253874128137,0.01892530492312725,18.821584892541708,0.1847485308652408,16.592207996138146,0.15573260551865148,True
1.25x,1.25,000559.npy,23.45620174765596,24.85253874128137,0.01892530492312725,19.20238111192244,0.29325606757466716,18.062750035262248,0.2901319113815589,True
1.25x,1.25,003835.npy,23.45620174765596,24.85253874128137,0.01892530492312725,19.31549040513251,0.5294087718899031,17.5485087932079,0.47964352719959347,True
1.25x,1.25,002647.npy,23.45620174765596,24.85253874128137,0.01892530492312725,17.308142513696204,0.20962712831260225,15.325669060507687,0.17792402724282888,True
1.25x,1.25,004561.npy,23.45620174765596,24.85253874128137,0.01892530492312725,18.94751867780751,0.5698725444760748,16.889013449804466,0.503141933867096,True
1.25x,1.25,001107.npy,23.45620174765596,24.85253874128137,0.01892530492312725,18.539615363045037,0.33671992471609463,16.779147633827176,0.3113543196945674,True
1.25x,1.25,002144.npy,23.45620174765596,24.85253874128137,0.01892530492312725,19.359669082627363,0.5901611682219675,17.79342151725703,0.5447613818875658,True
1.25x,1.25,000803.npy,23.45620174765596,24.85253874128137,0.01892530492312725,19.611216318228518,0.5158463304844335,16.14649345298252,0.36747694956663757,True
1.25x,1.25,003553.npy,23.45620174765596,24.85253874128137,0.01892530492312725,18.77235784489902,0.4757310363804777,16.940421048804602,0.4308331161488579,True
1.25x,1.25,001804.npy,23.45620174765596,24.85253874128137,0.01892530492312725,18.515742681145117,0.2635166885235824,15.37814180270976,0.1888595661934644,True
1.25x,1.25,004043.npy,23.45620174765596,24.85253874128137,0.01892530492312725,19.48285138078458,0.19600201708890358,15.821711408098347,0.1031101185815859,True
1.25x,1.25,004501.npy,23.45620174765596,24.85253874128137,0.01892530492312725,20.63109614479658,0.5937220992066906,17.506101908440726,0.485843513461221,True
1.25x,1.25,001399.npy,23.45620174765596,24.85253874128137,0.01892530492312725,19.290019912139826,0.2941281360689966,17.643103413785052,0.2716542585698443,True
1.25x,1.25,004322.npy,23.45620174765596,24.85253874128137,0.01892530492312725,18.85533094275987,0.3135320236866162,15.988466628042042,0.21963168297260063,True
1.25x,1.25,003780.npy,23.45620174765596,24.85253874128137,0.01892530492312725,20.32546097743326,0.4244685826107592,16.70640886471783,0.28325117059329663,True
1.25x,1.25,002711.npy,23.45620174765596,24.85253874128137,0.01892530492312725,18.584334034429453,0.2331970485148624,15.259998317875391,0.15964699880718378,True
1.25x,1.25,002170.npy,23.45620174765596,24.85253874128137,0.01892530492312725,19.710116932268477,0.29451642062015065,16.728519886918555,0.21259147109339327,True
1.25x,1.25,002422.npy,23.45620174765596,24.85253874128137,0.01892530492312725,17.40975183486209,0.5470697976114031,15.363136189672424,0.47122378000440013,True
1.25x,1.25,000916.npy,23.45620174765596,24.85253874128137,0.01892530492312725,16.259243312942733,0.3436269508726356,14.707012021408898,0.33502577878296763,True
1.25x,1.25,002756.npy,23.45620174765596,24.85253874128137,0.01892530492312725,18.44335823207127,0.39881434886401534,15.84162129234713,0.3487599993937854,True
1.25x,1.25,000223.npy,23.45620174765596,24.85253874128137,0.01892530492312725,19.102193859990102,0.5230769875515621,16.02839800813167,0.3930772270635521,True
1.25x,1.25,000605.npy,23.45620174765596,24.85253874128137,0.01892530492312725,20.140605699584878,0.2421286744644079,18.11011934479898,0.21550090377636802,True
1.25x,1.25,004644.npy,23.45620174765596,24.85253874128137,0.01892530492312725,18.53841930782346,0.3125043230252898,15.351486710353846,0.209353394694434,True
1.25x,1.25,003700.npy,23.45620174765596,24.85253874128137,0.01892530492312725,19.7003094555327,0.16233286975205488,16.26539034222603,0.09403533060007516,True
1.25x,1.25,002855.npy,23.45620174765596,24.85253874128137,0.01892530492312725,18.685859655900416,0.22936380761740927,15.527502572250132,0.18441748892657517,True
1.25x,1.25,002272.npy,23.45620174765596,24.85253874128137,0.01892530492312725,17.434601490674694,0.36194563824702386,14.992503660631826,0.28469381973265123,True
1.25x,1.25,003309.npy,23.45620174765596,24.85253874128137,0.01892530492312725,17.224211890321996,0.3406299967208419,15.97276925541239,0.3410955574881863,True
1.25x,1.25,002863.npy,23.45620174765596,24.85253874128137,0.01892530492312725,15.633787563513282,0.433890878559582,14.454323299410387,0.43230518121526257,True
1.25x,1.25,001984.npy,23.45620174765596,24.85253874128137,0.01892530492312725,24.178800902277786,0.31961147340236207,21.695293503804226,0.2427494152159667,True
1.25x,1.25,000157.npy,23.45620174765596,24.85253874128137,0.01892530492312725,17.949503731077517,0.4335980384480093,15.527116816134011,0.3528083413697538,True
1.25x,1.25,003209.npy,23.45620174765596,24.85253874128137,0.01892530492312725,20.974190131769195,0.44499805869385084,18.45217404497535,0.3566318036041275,True
1.25x,1.25,001200.npy,23.45620174765596,24.85253874128137,0.01892530492312725,17.528432208315568,0.411659377381862,15.20786309015085,0.3356993028221439,True
1.25x,1.25,004264.npy,23.45620174765596,24.85253874128137,0.01892530492312725,20.38420313109056,0.3105450673246005,16.848359541274366,0.19676796840285188,True
1.5x,1.5,002161.npy,19.5468347897133,20.710448951067807,0.0227103659077527,19.942216252911194,0.36337194666599376,16.520023723177605,0.2408623956755175,True
1.5x,1.5,003251.npy,19.5468347897133,20.710448951067807,0.0227103659077527,18.003319173050695,0.445883642926862,15.208173805883568,0.36231250456497255,True
1.5x,1.5,003265.npy,19.5468347897133,20.710448951067807,0.0227103659077527,20.61229823898411,0.2254228762089703,17.015275580728215,0.14405619190537278,True
1.5x,1.5,003222.npy,19.5468347897133,20.710448951067807,0.0227103659077527,20.89107350095539,0.25677741230896634,17.413119372883155,0.16604086190201733,True
1.5x,1.5,001361.npy,19.5468347897133,20.710448951067807,0.0227103659077527,18.577532142523655,0.23736915717665932,16.808124111931974,0.21559214294884085,True
1.5x,1.5,003443.npy,19.5468347897133,20.710448951067807,0.0227103659077527,18.0538866821287,0.3219932279190597,15.895614845182603,0.2678463385698517,True
1.5x,1.5,000927.npy,19.5468347897133,20.710448951067807,0.0227103659077527,16.188376570390634,0.39640703640826774,14.829537924394563,0.3976513307407572,True
1.5x,1.5,001447.npy,19.5468347897133,20.710448951067807,0.0227103659077527,17.73626514121484,0.16100531791747605,15.41980850934664,0.1312912216704706,True
1.5x,1.5,003616.npy,19.5468347897133,20.710448951067807,0.0227103659077527,17.06205224070843,0.12141448952959352,14.138836401833995,0.08478374470091482,True
1.5x,1.5,003787.npy,19.5468347897133,20.710448951067807,0.0227103659077527,19.5982675189839,0.33833641611388,17.080943143195725,0.2728819603724773,True
1.5x,1.5,003808.npy,19.5468347897133,20.710448951067807,0.0227103659077527,17.414996538389545,0.5026554284149275,15.026379602686097,0.4162605036529478,True
1.5x,1.5,001105.npy,19.5468347897133,20.710448951067807,0.0227103659077527,18.325789825775534,0.3438401045473444,15.951038472455917,0.27628910209858776,True
1.5x,1.5,004675.npy,19.5468347897133,20.710448951067807,0.0227103659077527,17.423286160838938,0.2768021988706124,15.336916652462268,0.24812271982559794,True
1.5x,1.5,002566.npy,19.5468347897133,20.710448951067807,0.0227103659077527,18.11524790021799,0.1941186590964568,15.698133589187611,0.15151667035691865,True
1.5x,1.5,000889.npy,19.5468347897133,20.710448951067807,0.0227103659077527,18.437297341508334,0.34490496207618754,16.310256910937305,0.29306599613575596,True
1.5x,1.5,002633.npy,19.5468347897133,20.710448951067807,0.0227103659077527,17.8338360639199,0.24398687717146494,15.502299249019817,0.2099601587887106,True
1.5x,1.5,003572.npy,19.5468347897133,20.710448951067807,0.0227103659077527,19.529564951640587,0.43420580825874744,18.00541302828592,0.399638186034688,True
1.5x,1.5,004531.npy,19.5468347897133,20.710448951067807,0.0227103659077527,18.447999615199343,0.18256481504527217,15.53418286362275,0.15733694298703157,True
1.5x,1.5,003004.npy,19.5468347897133,20.710448951067807,0.0227103659077527,18.415173303977333,0.3751681275612901,16.42590804526963,0.3255428889202173,True
1.5x,1.5,003810.npy,19.5468347897133,20.710448951067807,0.0227103659077527,18.253347758358153,0.18803299726323147,15.626452434392167,0.14669267951695347,True
1.5x,1.5,000711.npy,19.5468347897133,20.710448951067807,0.0227103659077527,16.98502088271099,0.36367518539579474,14.992114484036243,0.32805099503791296,True
1.5x,1.5,000488.npy,19.5468347897133,20.710448951067807,0.0227103659077527,15.695523552154128,0.31278471366556876,14.612208320096423,0.32114632827370926,True
1.5x,1.5,003062.npy,19.5468347897133,20.710448951067807,0.0227103659077527,14.94919424978608,0.5644738440683247,13.771657970458381,0.5361970253701036,True
1.5x,1.5,001132.npy,19.5468347897133,20.710448951067807,0.0227103659077527,18.497648055291663,0.15356214886125263,16.281075366975415,0.12235736374281173,True
1.5x,1.5,004572.npy,19.5468347897133,20.710448951067807,0.0227103659077527,19.654279883995244,0.5054636461271604,16.83524466369458,0.40167981155772703,True
1.5x,1.5,003807.npy,19.5468347897133,20.710448951067807,0.0227103659077527,17.28418477707479,0.48987398567422186,14.920806322188447,0.4063706170141452,True
1.5x,1.5,000994.npy,19.5468347897133,20.710448951067807,0.0227103659077527,16.493023672317804,0.20215256693483155,14.231585981095144,0.1805012062634117,True
1.5x,1.5,000093.npy,19.5468347897133,20.710448951067807,0.0227103659077527,18.101378189304207,0.1695105666907698,15.93131083733464,0.14282389545579252,True
1.5x,1.5,000559.npy,19.5468347897133,20.710448951067807,0.0227103659077527,18.746517339082548,0.2726348499529139,17.511537007082534,0.26838186932304825,True
1.5x,1.5,003835.npy,19.5468347897133,20.710448951067807,0.0227103659077527,18.612000824175713,0.4918305291774454,16.810929209247224,0.44402804793551004,True
1.5x,1.5,002647.npy,19.5468347897133,20.710448951067807,0.0227103659077527,16.765051903388578,0.19522809358737883,14.693634730200225,0.16268075169914945,True
1.5x,1.5,004561.npy,19.5468347897133,20.710448951067807,0.0227103659077527,18.193425146873974,0.5305262663910806,16.16716579945755,0.4650150114153222,True
1.5x,1.5,001107.npy,19.5468347897133,20.710448951067807,0.0227103659077527,17.91232824313132,0.3204123457578081,16.086919132173485,0.2894674405190717,True
1.5x,1.5,002144.npy,19.5468347897133,20.710448951067807,0.0227103659077527,18.66891767117426,0.548897336173039,17.03108922074474,0.5014928415562889,True
1.5x,1.5,000803.npy,19.5468347897133,20.710448951067807,0.0227103659077527,18.657084327219653,0.4680353268105452,15.406986138170977,0.3392321884559528,True
1.5x,1.5,003553.npy,19.5468347897133,20.710448951067807,0.0227103659077527,18.06328426838781,0.4342687543048858,16.20491716032289,0.3935570793015971,True
1.5x,1.5,001804.npy,19.5468347897133,20.710448951067807,0.0227103659077527,17.59346102337059,0.2253521955446627,14.7100266072371,0.16532586737101673,True
1.5x,1.5,004043.npy,19.5468347897133,20.710448951067807,0.0227103659077527,18.530652811572494,0.1564670477875333,15.113513192579207,0.08629753735981045,True
1.5x,1.5,004501.npy,19.5468347897133,20.710448951067807,0.0227103659077527,19.56976356904502,0.5483886315465272,16.809436548090417,0.4577762369711683,True
1.5x,1.5,001399.npy,19.5468347897133,20.710448951067807,0.0227103659077527,18.786724962444644,0.2799012197423006,17.05026356904396,0.25623553836713026,True
1.5x,1.5,004322.npy,19.5468347897133,20.710448951067807,0.0227103659077527,18.02246648225738,0.2710196441264718,15.234592600309592,0.19145633730309639,True
1.5x,1.5,003780.npy,19.5468347897133,20.710448951067807,0.0227103659077527,18.84690839726168,0.3525854554105783,15.969084079755216,0.25563089473699346,True
1.5x,1.5,002711.npy,19.5468347897133,20.710448951067807,0.0227103659077527,17.817708320010464,0.20553705539618577,14.673098484022658,0.1468567076845751,True
1.5x,1.5,002170.npy,19.5468347897133,20.710448951067807,0.0227103659077527,18.57085192114382,0.24627521577524644,15.9385282229284,0.18217026107069556,True
1.5x,1.5,002422.npy,19.5468347897133,20.710448951067807,0.0227103659077527,16.657281238598117,0.500415591699126,14.691967305829063,0.4340302213825993,True
1.5x,1.5,000916.npy,19.5468347897133,20.710448951067807,0.0227103659077527,15.612926639530558,0.322659203175771,14.128771983551047,0.3134958335158839,True
1.5x,1.5,002756.npy,19.5468347897133,20.710448951067807,0.0227103659077527,17.655264349114102,0.3628754298659029,15.283052572167913,0.3286937580067438,True
1.5x,1.5,000223.npy,19.5468347897133,20.710448951067807,0.0227103659077527,18.0056037141578,0.46196069159430053,15.322816171406494,0.35758093137435354,True
1.5x,1.5,000605.npy,19.5468347897133,20.710448951067807,0.0227103659077527,19.339116862649846,0.2178513851576891,17.485819577848183,0.1919765012691266,True
1.5x,1.5,004644.npy,19.5468347897133,20.710448951067807,0.0227103659077527,17.743745100481505,0.2771204392208021,14.747759488468828,0.1934006141884112,True
1.5x,1.5,003700.npy,19.5468347897133,20.710448951067807,0.0227103659077527,18.5359483090936,0.1278859493198271,15.549919996629507,0.07865839014279243,True
1.5x,1.5,002855.npy,19.5468347897133,20.710448951067807,0.0227103659077527,17.830691255937104,0.20002541260223447,14.88678347152277,0.16315965333619772,True
1.5x,1.5,002272.npy,19.5468347897133,20.710448951067807,0.0227103659077527,16.769050516534637,0.31978347262797535,14.39499818775605,0.257754799325973,True
1.5x,1.5,003309.npy,19.5468347897133,20.710448951067807,0.0227103659077527,16.793761209529336,0.3160718915888996,15.40578576028365,0.313504421156741,True
1.5x,1.5,002863.npy,19.5468347897133,20.710448951067807,0.0227103659077527,15.17135533545774,0.41474340393520737,13.956744575964379,0.40929143775124477,True
1.5x,1.5,001984.npy,19.5468347897133,20.710448951067807,0.0227103659077527,23.401600642721903,0.28218091766564884,21.082066900623246,0.21460668496083962,True
1.5x,1.5,000157.npy,19.5468347897133,20.710448951067807,0.0227103659077527,17.136181974715136,0.38328134107965034,14.863855521817296,0.3210955037961294,True
1.5x,1.5,003209.npy,19.5468347897133,20.710448951067807,0.0227103659077527,20.184171469748527,0.40563586874428037,17.733460493711807,0.3232342491126389,True
1.5x,1.5,001200.npy,19.5468347897133,20.710448951067807,0.0227103659077527,16.853497838375127,0.37262924236882433,14.5229621215916,0.30040059888578324,True
1.5x,1.5,004264.npy,19.5468347897133,20.710448951067807,0.0227103659077527,19.242996691029024,0.2700871248222458,16.11428313293445,0.18338740347690669,True
1.75x,1.75,002161.npy,16.754429819754257,17.75181338662955,0.02649542689237815,18.96178720172366,0.3199797972220471,15.854005041149454,0.21873586590208433,True
1.75x,1.75,003251.npy,16.754429819754257,17.75181338662955,0.02649542689237815,17.505833178735667,0.42193073623830124,14.656517270587873,0.34335306599852994,True
1.75x,1.75,003265.npy,16.754429819754257,17.75181338662955,0.02649542689237815,19.78621533309067,0.1968272833041008,16.431586812909693,0.1296838760091628,True
1.75x,1.75,003222.npy,16.754429819754257,17.75181338662955,0.02649542689237815,20.32486239093377,0.23317891081775452,16.839387441884572,0.14862989629197848,True
1.75x,1.75,001361.npy,16.754429819754257,17.75181338662955,0.02649542689237815,18.15450940894627,0.21528240848627134,16.204008985849466,0.19233594296136303,True
1.75x,1.75,003443.npy,16.754429819754257,17.75181338662955,0.02649542689237815,17.56264482288306,0.2966674782552428,15.359923487726077,0.24581481006967093,True
1.75x,1.75,000927.npy,16.754429819754257,17.75181338662955,0.02649542689237815,15.777289218460282,0.3701332944999214,14.319634668041548,0.3668297104363356,True
1.75x,1.75,001447.npy,16.754429819754257,17.75181338662955,0.02649542689237815,17.513690724439495,0.14767941853082858,14.837348994598266,0.11459492477437759,True
1.75x,1.75,003616.npy,16.754429819754257,17.75181338662955,0.02649542689237815,16.152490335620584,0.10290043064606262,13.643366820373146,0.07576356882171717,True
1.75x,1.75,003787.npy,16.754429819754257,17.75181338662955,0.02649542689237815,18.951000802411116,0.31687261974365893,16.53117367154254,0.2573340858640619,True
1.75x,1.75,003808.npy,16.754429819754257,17.75181338662955,0.02649542689237815,16.80306949958742,0.46872541056602585,14.534278666071856,0.3892209379124398,True
1.75x,1.75,001105.npy,16.754429819754257,17.75181338662955,0.02649542689237815,17.579541004438415,0.29921017914564196,15.31032977874704,0.24127675221589856,True
1.75x,1.75,004675.npy,16.754429819754257,17.75181338662955,0.02649542689237815,16.95204328078771,0.25517187105205585,14.837308511293726,0.227443392980425,True
1.75x,1.75,002566.npy,16.754429819754257,17.75181338662955,0.02649542689237815,17.408498625738474,0.17859031145386758,15.144753987971132,0.14163595496856032,True
1.75x,1.75,000889.npy,16.754429819754257,17.75181338662955,0.02649542689237815,17.779069920724652,0.3164042710893263,15.716867981885967,0.26631426845869244,True
1.75x,1.75,002633.npy,16.754429819754257,17.75181338662955,0.02649542689237815,17.197917101099364,0.22847756656771828,14.89940092268606,0.19454950605693405,True
1.75x,1.75,003572.npy,16.754429819754257,17.75181338662955,0.02649542689237815,19.088320603713168,0.4095242773834673,17.481083240703054,0.3743722095778923,True
1.75x,1.75,004531.npy,16.754429819754257,17.75181338662955,0.02649542689237815,17.638877719421856,0.15977091481923844,14.982988701404016,0.14088230946559543,True
1.75x,1.75,003004.npy,16.754429819754257,17.75181338662955,0.02649542689237815,17.88041889626411,0.359444951217964,15.934251950257076,0.3134710385318061,True
1.75x,1.75,003810.npy,16.754429819754257,17.75181338662955,0.02649542689237815,17.98328316405524,0.1762526396019444,15.178469396770847,0.13373509692502591,True
1.75x,1.75,000711.npy,16.754429819754257,17.75181338662955,0.02649542689237815,16.66262020766301,0.3480340772755819,14.511205791069788,0.307874281722889,True
1.75x,1.75,000488.npy,16.754429819754257,17.75181338662955,0.02649542689237815,15.424349046129375,0.3005197765885841,14.212551595911895,0.3063968358668285,True
1.75x,1.75,003062.npy,16.754429819754257,17.75181338662955,0.02649542689237815,14.55612409707371,0.5457154439301072,13.375591055656066,0.5175211844417466,True
1.75x,1.75,001132.npy,16.754429819754257,17.75181338662955,0.02649542689237815,17.626177067658432,0.14080097725035046,15.67766735091398,0.11358500522429742,True
1.75x,1.75,004572.npy,16.754429819754257,17.75181338662955,0.02649542689237815,18.517525869045972,0.44204832018247775,16.192854896521556,0.3673815867918139,True
1.75x,1.75,003807.npy,16.754429819754257,17.75181338662955,0.02649542689237815,16.623485245184987,0.4609529363366242,14.333514124107138,0.38181962414526605,True
1.75x,1.75,000994.npy,16.754429819754257,17.75181338662955,0.02649542689237815,15.831814050305814,0.18442864691179253,13.72288832942269,0.16548264301131307,True
1.75x,1.75,000093.npy,16.754429819754257,17.75181338662955,0.02649542689237815,17.39693363949598,0.15200788565634216,15.343768349492459,0.12852091928330692,True
1.75x,1.75,000559.npy,16.754429819754257,17.75181338662955,0.02649542689237815,18.341116608406836,0.24903654342781503,17.05050664663496,0.2453673796795142,True
1.75x,1.75,003835.npy,16.754429819754257,17.75181338662955,0.02649542689237815,17.94153656560576,0.4586532045622945,16.172298970347285,0.41542875066114276,True
1.75x,1.75,002647.npy,16.754429819754257,17.75181338662955,0.02649542689237815,16.409175851020777,0.17950992414826922,14.216812774648444,0.14856714886360592,True
1.75x,1.75,004561.npy,16.754429819754257,17.75181338662955,0.02649542689237815,17.518484376164107,0.49119413547349616,15.629075191115094,0.433182337041547,True
1.75x,1.75,001107.npy,16.754429819754257,17.75181338662955,0.02649542689237815,17.315228257725263,0.2817663718571044,15.50625909076977,0.25466029737310575,True
1.75x,1.75,002144.npy,16.754429819754257,17.75181338662955,0.02649542689237815,17.971874921806318,0.5121134950727346,16.367022773600354,0.46972286862414325,True
1.75x,1.75,000803.npy,16.754429819754257,17.75181338662955,0.02649542689237815,17.741625241373264,0.4187086262253262,14.943937835548137,0.31163867864993483,True
1.75x,1.75,003553.npy,16.754429819754257,17.75181338662955,0.02649542689237815,17.44359834414484,0.4117832818075962,15.594942817350487,0.3733915753323362,True
1.75x,1.75,001804.npy,16.754429819754257,17.75181338662955,0.02649542689237815,16.936149454135524,0.21466982992847458,14.199088551708027,0.15922542725084607,True
1.75x,1.75,004043.npy,16.754429819754257,17.75181338662955,0.02649542689237815,17.551750886663335,0.13503222327048675,14.52683713402896,0.07902366170675022,True
1.75x,1.75,004501.npy,16.754429819754257,17.75181338662955,0.02649542689237815,18.88817033961039,0.5139784023276232,16.25084946121663,0.4310071726632947,True
1.75x,1.75,001399.npy,16.754429819754257,17.75181338662955,0.02649542689237815,18.22156874266218,0.2609221511730539,16.454273770756508,0.2344599994144741,True
1.75x,1.75,004322.npy,16.754429819754257,17.75181338662955,0.02649542689237815,17.352324826690037,0.2443247681428719,14.669306455240807,0.17156588880749885,True
1.75x,1.75,003780.npy,16.754429819754257,17.75181338662955,0.02649542689237815,18.112709541377736,0.3202626410507187,15.40868133179784,0.2344736644413245,True
1.75x,1.75,002711.npy,16.754429819754257,17.75181338662955,0.02649542689237815,16.94732015488772,0.1808679042172207,14.08442284506408,0.13313235573846247,True
1.75x,1.75,002170.npy,16.754429819754257,17.75181338662955,0.02649542689237815,17.903541206586883,0.2199588605287466,15.342338218113902,0.16327919358173404,True
1.75x,1.75,002422.npy,16.754429819754257,17.75181338662955,0.02649542689237815,16.035203787161155,0.47377461981590197,14.180820398333404,0.41225775813769255,True
1.75x,1.75,000916.npy,16.754429819754257,17.75181338662955,0.02649542689237815,15.364182401942902,0.2994109780800178,13.596176162013794,0.2879887475081797,True
1.75x,1.75,002756.npy,16.754429819754257,17.75181338662955,0.02649542689237815,17.146904216969826,0.3477026265103741,14.826988409152984,0.31378967197635543,True
1.75x,1.75,000223.npy,16.754429819754257,17.75181338662955,0.02649542689237815,17.064599397251037,0.4164903666907996,14.708903142703058,0.32728841738150305,True
1.75x,1.75,000605.npy,16.754429819754257,17.75181338662955,0.02649542689237815,18.779911594026252,0.19318611201941951,16.904429645578322,0.16997732172970276,True
1.75x,1.75,004644.npy,16.754429819754257,17.75181338662955,0.02649542689237815,17.25292337383226,0.25069088817491336,14.253045281701876,0.17226264968922425,True
1.75x,1.75,003700.npy,16.754429819754257,17.75181338662955,0.02649542689237815,17.952105270518043,0.11651685117882785,14.932474573957176,0.07232711168067955,True
1.75x,1.75,002855.npy,16.754429819754257,17.75181338662955,0.02649542689237815,16.967007045932295,0.1759951116514635,14.387499557160197,0.15093698734139313,True
1.75x,1.75,002272.npy,16.754429819754257,17.75181338662955,0.02649542689237815,16.235386209740415,0.2970865375006761,13.89027728688661,0.2391366768641218,True
1.75x,1.75,003309.npy,16.754429819754257,17.75181338662955,0.02649542689237815,16.492951983300927,0.2998604180869237,14.96763019942123,0.2942326620387743,True
1.75x,1.75,002863.npy,16.754429819754257,17.75181338662955,0.02649542689237815,14.860813444295344,0.39268901480356905,13.517629819751068,0.3857128503345986,True
1.75x,1.75,001984.npy,16.754429819754257,17.75181338662955,0.02649542689237815,22.837799832611744,0.2663946458262708,20.43679490384536,0.20188728832874087,True
1.75x,1.75,000157.npy,16.754429819754257,17.75181338662955,0.02649542689237815,16.543051456526648,0.36309495173290063,14.331583604325747,0.30440018234040817,True
1.75x,1.75,003209.npy,16.754429819754257,17.75181338662955,0.02649542689237815,19.31232161139668,0.3691432884082261,17.06417955760073,0.2983919812478261,True
1.75x,1.75,001200.npy,16.754429819754257,17.75181338662955,0.02649542689237815,15.942150169967606,0.33015708657734877,13.891791038096494,0.27233875457231976,True
1.75x,1.75,004264.npy,16.754429819754257,17.75181338662955,0.02649542689237815,18.329403071488258,0.22875024688263532,15.475799652258742,0.16024674786327006,True
2.0x,2.0,002161.npy,14.660126092284976,15.532836713300856,0.0302804878770036,18.318681145317598,0.2871808893698146,15.401990805767182,0.20044060830389418,True
2.0x,2.0,003251.npy,14.660126092284976,15.532836713300856,0.0302804878770036,16.944305602692502,0.39406727572541456,14.148083532852178,0.32294297565862234,True
2.0x,2.0,003265.npy,14.660126092284976,15.532836713300856,0.0302804878770036,19.073260110743227,0.17059993640827173,15.936988128466824,0.11518247226753915,True
2.0x,2.0,003222.npy,14.660126092284976,15.532836713300856,0.0302804878770036,19.33932091067009,0.1963386270848345,16.27412682714594,0.13369571432553826,True
2.0x,2.0,001361.npy,14.660126092284976,15.532836713300856,0.0302804878770036,17.71103073837984,0.19617804154118565,15.699098476087958,0.17264228649809,True
2.0x,2.0,003443.npy,14.660126092284976,15.532836713300856,0.0302804878770036,17.141823832815412,0.27443136028013354,14.975349473893955,0.22485008889667005,True
2.0x,2.0,000927.npy,14.660126092284976,15.532836713300856,0.0302804878770036,15.46026332409953,0.35316271007585703,13.908213539828274,0.3494569312295144,True
2.0x,2.0,001447.npy,14.660126092284976,15.532836713300856,0.0302804878770036,16.728198268358813,0.1384230208606783,14.37270201278338,0.11065608467599905,True
2.0x,2.0,003616.npy,14.660126092284976,15.532836713300856,0.0302804878770036,15.721482585172923,0.09288862969819561,13.206499196972734,0.06538383471498481,True
2.0x,2.0,003787.npy,14.660126092284976,15.532836713300856,0.0302804878770036,18.322275577566437,0.28172448959082097,15.981129997038707,0.22936270866609207,True
2.0x,2.0,003808.npy,14.660126092284976,15.532836713300856,0.0302804878770036,16.398527071226795,0.44378694920154627,14.06591150202708,0.3654109857449118,True
2.0x,2.0,001105.npy,14.660126092284976,15.532836713300856,0.0302804878770036,17.12297321903684,0.27926554498580475,14.784234749502176,0.2235750304519846,True
2.0x,2.0,004675.npy,14.660126092284976,15.532836713300856,0.0302804878770036,16.490474983058093,0.23557100591889008,14.391525695148914,0.20843149112429138,True
2.0x,2.0,002566.npy,14.660126092284976,15.532836713300856,0.0302804878770036,16.93461057619251,0.15744106040442024,14.657258041428001,0.12114810694328738,True
2.0x,2.0,000889.npy,14.660126092284976,15.532836713300856,0.0302804878770036,17.28291412241423,0.29119592933399624,15.22754300530411,0.2451932665414141,True
2.0x,2.0,002633.npy,14.660126092284976,15.532836713300856,0.0302804878770036,16.60385387130966,0.20689988646837468,14.294684415764856,0.17475911038181163,True
2.0x,2.0,003572.npy,14.660126092284976,15.532836713300856,0.0302804878770036,18.67615368607033,0.3855642764890203,17.03736730285946,0.34902412234663605,True
2.0x,2.0,004531.npy,14.660126092284976,15.532836713300856,0.0302804878770036,17.27890037513616,0.15215733618704438,14.450735770298044,0.13476280369762042,True
2.0x,2.0,003004.npy,14.660126092284976,15.532836713300856,0.0302804878770036,17.479843032448372,0.337616416627708,15.488065162050589,0.29634543850204026,True
2.0x,2.0,003810.npy,14.660126092284976,15.532836713300856,0.0302804878770036,17.43810450337316,0.15944154881940356,14.689550052374825,0.12037176173420198,True
2.0x,2.0,000711.npy,14.660126092284976,15.532836713300856,0.0302804878770036,16.007672781047127,0.31599848459938445,14.003261558272433,0.2846948200701793,True
2.0x,2.0,000488.npy,14.660126092284976,15.532836713300856,0.0302804878770036,15.07243516695149,0.29225207160566247,13.811251457241454,0.2961976815126424,True
2.0x,2.0,003062.npy,14.660126092284976,15.532836713300856,0.0302804878770036,14.202795291533343,0.5248538520183544,12.993578517332685,0.4964760547525773,True
2.0x,2.0,001132.npy,14.660126092284976,15.532836713300856,0.0302804878770036,17.220894507706088,0.12298120410599676,15.171406302381413,0.09524073161016511,True
2.0x,2.0,004572.npy,14.660126092284976,15.532836713300856,0.0302804878770036,18.09555971803276,0.42621846637486077,15.734747924025312,0.34934056125463736,True
2.0x,2.0,003807.npy,14.660126092284976,15.532836713300856,0.0302804878770036,16.124599307093305,0.44382440258829564,13.936356521797684,0.36897014498170144,True
2.0x,2.0,000994.npy,14.660126092284976,15.532836713300856,0.0302804878770036,15.55141966332956,0.1687944796203587,13.277401528757762,0.15065936870355154,True
2.0x,2.0,000093.npy,14.660126092284976,15.532836713300856,0.0302804878770036,16.933133294129462,0.13707962142585753,14.847857790625591,0.11637943912163651,True
2.0x,2.0,000559.npy,14.660126092284976,15.532836713300856,0.0302804878770036,18.11354743930177,0.24162935364052415,16.687641112219794,0.23246539790489143,True
2.0x,2.0,003835.npy,14.660126092284976,15.532836713300856,0.0302804878770036,17.41130716189183,0.43127440001435235,15.636817727128298,0.38421675787911747,True
2.0x,2.0,002647.npy,14.660126092284976,15.532836713300856,0.0302804878770036,15.996734956149945,0.16413898869515997,13.709521051819555,0.13307678377765889,True
2.0x,2.0,004561.npy,14.660126092284976,15.532836713300856,0.0302804878770036,16.937381833354245,0.4505398402980736,15.102966252558414,0.4031472026097778,True
2.0x,2.0,001107.npy,14.660126092284976,15.532836713300856,0.0302804878770036,16.916979770045927,0.2657937395446927,15.004074373416415,0.23611614242909587,True
2.0x,2.0,002144.npy,14.660126092284976,15.532836713300856,0.0302804878770036,17.51330420826492,0.4812532090185209,15.924178171273677,0.44139177438032184,True
2.0x,2.0,000803.npy,14.660126092284976,15.532836713300856,0.0302804878770036,17.164128786739667,0.3866790369004684,14.413177217032134,0.289020129979061,True
2.0x,2.0,003553.npy,14.660126092284976,15.532836713300856,0.0302804878770036,16.889625134004667,0.3809932009942606,15.011157249222613,0.3424571022770505,True
2.0x,2.0,001804.npy,14.660126092284976,15.532836713300856,0.0302804878770036,16.444657117182157,0.19592031948555744,13.665750074045187,0.1457520740953808,True
2.0x,2.0,004043.npy,14.660126092284976,15.532836713300856,0.0302804878770036,17.228406845763637,0.12538346372034767,14.043825875931525,0.07038747412874305,True
2.0x,2.0,004501.npy,14.660126092284976,15.532836713300856,0.0302804878770036,18.389744616392353,0.487352618673394,15.71119055839372,0.4078459087861151,True
2.0x,2.0,001399.npy,14.660126092284976,15.532836713300856,0.0302804878770036,17.900373486143415,0.23456139156715644,15.950505842685347,0.20737461677470304,True
2.0x,2.0,004322.npy,14.660126092284976,15.532836713300856,0.0302804878770036,16.729097402558175,0.22035258118325257,14.158957193467002,0.15722488398115503,True
2.0x,2.0,003780.npy,14.660126092284976,15.532836713300856,0.0302804878770036,17.69674958810051,0.29646685896605196,14.86010017613536,0.2108140178749921,True
2.0x,2.0,002711.npy,14.660126092284976,15.532836713300856,0.0302804878770036,16.341822295603734,0.16609340708560744,13.628171311644614,0.12647463876419648,True
2.0x,2.0,002170.npy,14.660126092284976,15.532836713300856,0.0302804878770036,17.52768503595336,0.20777326587741735,14.834880587399512,0.15098661255492982,True
2.0x,2.0,002422.npy,14.660126092284976,15.532836713300856,0.0302804878770036,15.677489213716951,0.45075040586532006,13.659132989234674,0.3881193378946339,True
2.0x,2.0,000916.npy,14.660126092284976,15.532836713300856,0.0302804878770036,14.903359213041075,0.2838478370974081,13.158235028980158,0.2684548903605615,True
2.0x,2.0,002756.npy,14.660126092284976,15.532836713300856,0.0302804878770036,16.391258302879056,0.3189735607353493,14.28020271853825,0.2937784508561045,True
2.0x,2.0,000223.npy,14.660126092284976,15.532836713300856,0.0302804878770036,16.5889160318196,0.38783327403294343,14.20378724053996,0.30555014754053383,True
2.0x,2.0,000605.npy,14.660126092284976,15.532836713300856,0.0302804878770036,18.322219950250865,0.1779556059964834,16.45242682598776,0.15433973312708935,True
2.0x,2.0,004644.npy,14.660126092284976,15.532836713300856,0.0302804878770036,16.609112999301164,0.22790942313748813,13.75167985680267,0.16215522819149858,True
2.0x,2.0,003700.npy,14.660126092284976,15.532836713300856,0.0302804878770036,17.314768659761675,0.09894451262421958,14.412929468982512,0.061993297532933436,True
2.0x,2.0,002855.npy,14.660126092284976,15.532836713300856,0.0302804878770036,16.471402609233337,0.16351717103569766,13.911782167933765,0.1418416515121995,True
2.0x,2.0,002272.npy,14.660126092284976,15.532836713300856,0.0302804878770036,15.792384126332323,0.2661908153435483,13.332184086999083,0.21452458047438427,True
2.0x,2.0,003309.npy,14.660126092284976,15.532836713300856,0.0302804878770036,16.037594891694866,0.2935319852629318,14.547404119256335,0.2830658563105311,True
2.0x,2.0,002863.npy,14.660126092284976,15.532836713300856,0.0302804878770036,14.560825461089264,0.37604526244626346,13.166823383581633,0.3655803975240953,True
2.0x,2.0,001984.npy,14.660126092284976,15.532836713300856,0.0302804878770036,22.307009015706953,0.24037472436925353,20.079240035909223,0.18247762216700286,True
2.0x,2.0,000157.npy,14.660126092284976,15.532836713300856,0.0302804878770036,16.058858341362882,0.3379851086578063,13.834029640733434,0.28287018614152964,True
2.0x,2.0,003209.npy,14.660126092284976,15.532836713300856,0.0302804878770036,18.91111959233958,0.3448920494822539,16.545299729028798,0.27795699928781425,True
2.0x,2.0,001200.npy,14.660126092284976,15.532836713300856,0.0302804878770036,15.672547521481302,0.31050664482505647,13.442842258339926,0.2542803666966885,True
2.0x,2.0,004264.npy,14.660126092284976,15.532836713300856,0.0302804878770036,17.932163445469907,0.21468179804437315,14.964219582853191,0.1469605155737782,True
